
SET SQL_MODE="NO_AUTO_VALUE_ON_ZERO";

--
-- データベース: `development_jgw_core`
--

--
-- テーブルのデータをダンプしています `intra_maintenances`
--


--
-- テーブルのデータをダンプしています `intra_messages`
--


--
-- テーブルのデータをダンプしています `sessions`
--


--
-- テーブルのデータをダンプしています `system_admin_logs`
--


--
-- テーブルのデータをダンプしています `system_commitments`
--


--
-- テーブルのデータをダンプしています `system_creators`
--

INSERT INTO `system_creators` (`id`, `created_at`, `updated_at`, `unid`, `user_id`, `group_id`) VALUES
(101, '2009-02-28 03:34:14', '2009-07-03 14:11:01', 12, 5194, 698),
(102, '2009-02-28 03:55:28', '2009-07-03 14:11:01', 13, 5194, 698),
(103, '2009-03-02 14:44:06', '2009-07-03 14:11:01', 14, 5194, 698),
(105, '2009-03-02 14:59:00', '2009-07-03 14:11:01', 16, 5194, 698),
(106, '2009-03-02 18:01:29', '2009-07-03 14:11:01', 17, 5194, 698),
(107, '2009-03-02 18:44:49', '2009-07-03 14:11:01', 18, 5194, 698),
(108, '2009-03-03 17:11:00', '2009-07-03 14:11:01', 20, 5194, 698),
(110, '2009-03-03 17:42:36', '2009-07-03 14:11:01', 22, 5194, 698),
(111, '2009-03-03 17:55:48', '2009-07-03 14:11:01', 23, 5194, 698),
(112, '2009-03-04 18:44:00', '2009-07-03 14:11:01', 24, 5194, 698),
(113, '2009-03-04 18:49:30', '2009-07-03 14:11:01', 25, 5194, 698),
(114, '2009-03-04 20:23:31', '2009-07-03 14:11:01', 26, 5194, 698),
(120, '2009-03-05 15:55:52', '2009-07-03 14:11:01', 32, 5194, 698),
(119, '2009-03-05 15:55:35', '2009-07-03 14:11:01', 31, 5194, 698),
(118, '2009-03-05 15:48:36', '2009-07-03 14:11:01', 30, 5194, 698),
(121, '2009-03-05 15:56:02', '2009-07-03 14:11:01', 33, 5194, 698),
(122, '2009-03-05 15:56:14', '2009-07-03 14:11:01', 34, 5194, 698),
(123, '2009-03-05 15:58:53', '2009-07-03 14:11:01', 35, 5194, 698),
(124, '2009-03-05 15:59:00', '2009-07-03 14:11:01', 36, 5194, 698),
(125, '2009-03-05 15:59:06', '2009-07-03 14:11:01', 37, 5194, 698),
(126, '2009-03-05 15:59:38', '2009-07-03 14:11:01', 38, 5194, 698),
(127, '2009-03-05 16:01:35', '2009-07-03 14:11:01', 39, 5194, 698),
(128, '2009-03-05 16:11:31', '2009-07-03 14:11:01', 40, 5194, 698),
(132, '2009-03-05 22:49:34', '2009-07-03 14:11:01', 43, 5194, 698),
(133, '2009-03-05 22:49:56', '2009-07-03 14:11:01', 44, 5194, 698),
(141, '2009-03-07 18:19:12', '2009-07-03 14:11:01', 52, 5194, 698),
(142, '2009-03-07 20:54:09', '2009-07-03 14:11:01', 21, 5194, 698),
(149, '2009-03-09 21:02:21', '2009-07-03 14:11:01', 59, 5194, 698),
(143, '2009-03-09 16:04:07', '2009-07-03 14:11:01', 53, 5194, 698),
(144, '2009-03-09 18:02:10', '2009-07-03 14:11:01', 54, 5194, 698),
(147, '2009-03-09 20:33:49', '2009-07-03 14:11:01', 57, 5194, 698),
(148, '2009-03-09 20:35:27', '2009-07-03 14:11:01', 58, 5194, 698),
(154, '2009-03-10 19:12:05', '2009-07-03 14:11:01', 64, 5194, 698),
(163, '2009-03-11 04:05:55', '2009-07-03 14:11:01', 72, 5194, 698),
(164, '2009-03-11 19:14:01', '2009-07-03 14:11:01', 73, 5194, 698),
(165, '2009-03-11 19:14:29', '2009-07-03 14:11:01', 74, 5194, 698),
(166, '2009-03-12 01:27:50', '2009-07-03 14:11:01', 75, 5194, 698),
(167, '2009-03-12 20:36:06', '2009-07-03 14:11:01', 76, 5194, 698),
(168, '2009-03-12 21:19:28', '2009-07-03 14:11:01', 77, 5194, 698),
(178, '2009-03-13 19:51:27', '2009-07-03 14:11:01', 87, 5194, 698),
(179, '2009-03-17 05:24:35', '2009-07-03 14:11:01', 162, 5194, 698),
(180, '2009-03-17 05:37:00', '2009-07-03 14:11:01', 163, 5194, 698),
(181, '2009-03-17 05:38:53', '2009-07-03 14:11:01', 164, 5194, 698),
(184, '2009-03-17 05:47:04', '2009-07-03 14:11:01', 167, 5194, 698),
(183, '2009-03-17 05:42:32', '2009-07-03 14:11:01', 166, 5194, 698),
(199, '2009-03-18 03:30:39', '2009-07-03 14:11:01', 182, 5194, 698),
(200, '2009-03-18 03:30:50', '2009-07-03 14:11:01', 183, 5194, 698),
(746, '2009-05-14 13:16:58', '2009-07-03 14:11:01', 728, 5194, 698),
(230, '2009-03-23 16:53:28', '2009-07-03 14:11:01', 213, 5194, 698),
(243, '2009-03-26 10:46:58', '2009-07-03 14:11:01', 226, 5194, 698),
(251, '2009-03-26 18:27:18', '2009-07-03 14:11:01', 234, 5194, 698),
(290, '2009-04-01 15:43:33', '2009-07-03 14:11:01', 273, 5194, 698),
(261, '2009-03-27 21:37:01', '2009-07-03 14:11:02', 244, 5194, 698),
(262, '2009-03-27 21:37:22', '2009-07-03 14:11:02', 245, 5194, 698),
(263, '2009-03-27 21:37:38', '2009-07-03 14:11:02', 246, 5194, 698),
(264, '2009-03-27 21:37:53', '2009-07-03 14:11:02', 247, 5194, 698),
(265, '2009-03-27 21:38:04', '2009-07-03 14:11:02', 248, 5194, 698),
(269, '2009-03-30 12:54:45', '2009-07-03 14:11:02', 252, 5194, 698),
(270, '2009-03-30 13:04:42', '2009-07-03 14:11:02', 253, 5194, 698),
(289, '2009-04-01 14:58:58', '2009-07-03 14:11:02', 272, 5194, 698),
(274, '2009-03-30 18:46:04', '2009-07-03 14:11:02', 257, 5194, 698),
(276, '2009-03-31 15:36:38', '2009-07-03 14:11:02', 259, 5194, 698),
(277, '2009-03-31 15:45:36', '2009-07-03 14:11:02', 260, 5194, 698),
(278, '2009-03-31 15:52:52', '2009-07-03 14:11:02', 261, 5194, 698),
(279, '2009-03-31 15:58:22', '2009-07-03 14:11:02', 262, 5194, 698),
(280, '2009-03-31 16:12:57', '2009-07-03 14:11:02', 263, 5194, 698),
(291, '2009-04-01 15:45:40', '2009-07-03 14:11:02', 274, 5194, 698),
(292, '2009-04-01 15:52:07', '2009-07-03 14:11:02', 275, 5194, 698),
(293, '2009-04-01 15:53:59', '2009-07-03 14:11:02', 276, 5194, 698),
(294, '2009-04-01 15:56:11', '2009-07-03 14:11:02', 277, 5194, 698),
(295, '2009-04-01 15:58:34', '2009-07-03 14:11:02', 278, 5194, 698),
(296, '2009-04-01 16:00:45', '2009-07-03 14:11:02', 279, 5194, 698),
(297, '2009-04-01 16:05:28', '2009-07-03 14:11:02', 280, 5194, 698),
(298, '2009-04-01 16:07:04', '2009-07-03 14:11:02', 281, 5194, 698),
(299, '2009-04-01 16:09:01', '2009-07-03 14:11:02', 282, 5194, 698),
(300, '2009-04-01 16:12:11', '2009-07-03 14:11:02', 283, 5194, 698),
(301, '2009-04-01 16:13:56', '2009-07-03 14:11:02', 284, 5194, 698),
(302, '2009-04-01 16:15:52', '2009-07-03 14:11:02', 285, 5194, 698),
(303, '2009-04-01 16:20:15', '2009-07-03 14:11:02', 286, 5194, 698),
(304, '2009-04-01 16:22:17', '2009-07-03 14:11:02', 287, 5194, 698),
(305, '2009-04-01 16:24:28', '2009-07-03 14:11:02', 288, 5194, 698),
(306, '2009-04-01 16:26:20', '2009-07-03 14:11:02', 289, 5194, 698),
(307, '2009-04-01 16:28:33', '2009-07-03 14:11:02', 290, 5194, 698),
(308, '2009-04-01 16:30:15', '2009-07-03 14:11:02', 291, 5194, 698),
(309, '2009-04-01 16:32:08', '2009-07-03 14:11:02', 292, 5194, 698),
(310, '2009-04-01 16:44:23', '2009-07-03 14:11:02', 293, 5194, 698),
(311, '2009-04-01 16:46:21', '2009-07-03 14:11:02', 294, 5194, 698),
(312, '2009-04-01 16:48:33', '2009-07-03 14:11:02', 295, 5194, 698),
(313, '2009-04-01 16:50:49', '2009-07-03 14:11:02', 296, 5194, 698),
(314, '2009-04-01 16:52:44', '2009-07-03 14:11:02', 297, 5194, 698),
(315, '2009-04-01 16:54:43', '2009-07-03 14:11:02', 298, 5194, 698),
(316, '2009-04-01 16:56:47', '2009-07-03 14:11:02', 299, 5194, 698),
(317, '2009-04-01 16:58:41', '2009-07-03 14:11:02', 300, 5194, 698),
(318, '2009-04-01 17:00:33', '2009-07-03 14:11:02', 301, 5194, 698),
(384, '2009-04-06 16:46:18', '2009-07-03 14:11:02', 367, 5194, 698),
(385, '2009-04-06 16:46:44', '2009-07-03 14:11:02', 368, 5194, 698),
(397, '2009-04-06 17:12:15', '2009-07-03 14:11:02', 380, 5194, 698),
(403, '2009-04-06 21:07:11', '2009-07-03 14:11:02', 386, 5194, 698),
(411, '2009-04-07 04:52:55', '2009-07-03 14:11:02', 394, 5194, 698),
(415, '2009-04-07 09:43:38', '2009-07-03 14:11:02', 397, 5194, 698),
(416, '2009-04-07 09:55:22', '2009-07-03 14:11:02', 398, 5194, 698),
(673, '2009-04-14 15:55:59', '2009-07-03 14:11:02', 655, 5194, 698),
(3425, '2010-11-26 19:29:16', '2010-11-26 19:29:16', 3398, 5194, 698),
(2322, '2009-07-06 12:05:10', '2009-07-06 12:05:10', 2304, 5194, 698),
(2323, '2009-07-06 15:18:06', '2009-07-06 15:18:06', 2305, 5194, 698),
(2321, '2009-07-03 20:42:32', '2009-07-03 20:42:32', 2303, 5194, 698),
(726, '2009-04-22 12:29:03', '2009-07-03 14:11:02', 708, 5194, 698),
(727, '2009-04-22 12:57:10', '2009-07-03 14:11:02', 709, 5194, 698),
(733, '2009-04-22 13:19:48', '2009-07-03 14:11:02', 715, 5194, 698),
(735, '2009-04-22 13:20:55', '2009-07-03 14:11:03', 717, 5194, 698),
(2320, '2009-07-03 20:42:00', '2009-07-03 20:42:00', 2302, 5194, 698),
(2319, '2009-07-03 20:41:43', '2009-07-03 20:41:43', 2301, 5194, 698),
(2318, '2009-07-03 20:41:30', '2009-07-03 20:41:30', 2300, 5194, 698),
(2316, '2009-07-03 20:39:49', '2009-07-03 20:39:49', 2298, 5194, 698),
(2317, '2009-07-03 20:41:14', '2009-07-03 20:41:14', 2299, 5194, 698),
(753, '2009-05-29 10:41:27', '2009-07-03 14:11:03', 735, 5194, 698),
(754, '2009-05-29 10:43:43', '2009-07-03 14:11:03', 736, 5194, 698),
(755, '2009-05-29 10:44:28', '2009-07-03 14:11:03', 737, 5194, 698),
(756, '2009-05-29 10:45:22', '2009-07-03 14:11:03', 738, 5194, 698),
(758, '2009-05-29 10:47:01', '2009-07-03 14:11:03', 740, 5194, 698),
(759, '2009-05-29 11:00:06', '2009-07-03 14:11:03', 741, 5194, 698),
(760, '2009-06-04 09:57:20', '2009-07-03 14:11:03', 743, 5194, 698),
(761, '2009-06-04 10:05:06', '2009-07-03 14:11:03', 745, 5194, 698),
(762, '2009-06-04 16:45:10', '2009-07-03 14:11:03', 742, 5194, 698),
(763, '2009-06-04 16:47:15', '2009-07-03 14:11:03', 744, 5194, 698),
(764, '2009-06-04 16:52:00', '2009-07-03 14:11:03', 746, 5194, 698),
(768, '2009-06-04 17:35:14', '2009-07-03 14:11:03', 750, 5194, 698),
(779, '2009-06-05 18:54:51', '2009-07-03 14:11:03', 761, 5194, 698),
(3428, '2010-11-29 11:29:07', '2010-11-29 11:29:07', 3401, 5194, 698),
(782, '2009-06-06 17:18:50', '2009-07-03 14:11:03', 764, 5194, 698),
(3433, '2010-12-01 18:57:02', '2010-12-01 18:57:02', 3406, 5194, 698),
(2812, '2009-10-23 23:46:26', '2009-10-23 23:46:26', 2784, 5194, 698),
(3435, '2010-12-03 15:51:55', '2010-12-03 15:51:55', 3408, 5194, 698),
(2221, '2009-06-24 17:58:25', '2009-07-03 14:11:03', 2203, 5194, 698),
(3219, '2010-01-19 20:57:42', '2010-01-19 20:57:42', 3192, 5194, 698),
(2219, '2009-06-24 17:55:47', '2009-07-03 14:11:03', 2201, 5194, 698),
(790, '2009-06-08 10:08:11', '2009-07-03 14:11:03', 772, 5194, 698),
(791, '2009-06-08 14:53:07', '2009-07-03 14:11:03', 773, 5194, 698),
(793, '2009-06-08 18:06:57', '2009-07-03 14:11:03', 775, 5194, 698),
(794, '2009-06-08 19:36:47', '2009-07-03 14:11:03', 776, 5194, 698),
(796, '2009-06-09 10:54:00', '2009-07-03 14:11:03', 778, 5194, 698),
(802, '2009-06-10 21:24:33', '2009-07-03 14:11:03', 784, 5194, 698),
(808, '2009-06-11 10:33:38', '2009-07-03 14:11:03', 790, 5194, 698),
(816, '2009-06-11 15:07:37', '2009-07-03 14:11:03', 798, 5194, 698),
(819, '2009-06-12 16:26:34', '2009-07-03 14:11:03', 801, 5194, 698),
(820, '2009-06-12 16:30:30', '2009-07-03 14:11:03', 802, 5194, 698),
(821, '2009-06-12 16:31:04', '2009-07-03 14:11:03', 803, 5194, 698),
(2285, '2009-07-01 20:41:39', '2009-07-03 14:11:03', 2267, 5194, 698),
(825, '2009-06-12 19:09:37', '2009-07-03 14:11:03', 807, 5194, 698),
(826, '2009-06-12 19:10:22', '2009-07-03 14:11:03', 808, 5194, 698),
(834, '2009-06-12 19:45:49', '2009-07-03 14:11:03', 816, 5194, 698),
(2122, '2009-06-15 19:28:42', '2009-07-03 14:11:07', 2104, 5194, 698),
(2129, '2009-06-15 20:27:00', '2009-07-03 14:11:08', 2111, 5194, 698),
(2140, '2009-06-15 21:06:46', '2009-07-03 14:11:08', 2122, 5194, 698),
(2141, '2009-06-16 09:56:20', '2009-07-03 14:11:08', 2123, 5194, 698),
(2142, '2009-06-16 13:09:30', '2009-07-03 14:11:08', 2124, 5194, 698),
(2143, '2009-06-16 13:14:52', '2009-07-03 14:11:08', 2125, 5194, 698),
(2144, '2009-06-16 13:16:20', '2009-07-03 14:11:08', 2126, 5194, 698),
(2145, '2009-06-16 13:16:51', '2009-07-03 14:11:08', 2127, 5194, 698),
(2146, '2009-06-16 13:26:36', '2009-07-03 14:11:08', 2128, 5194, 698),
(2150, '2009-06-17 10:06:31', '2009-07-03 14:11:08', 2132, 5194, 698),
(2151, '2009-06-17 10:06:39', '2009-07-03 14:11:08', 2133, 5194, 698),
(2152, '2009-06-17 10:12:14', '2009-07-03 14:11:08', 2134, 5194, 698),
(2153, '2009-06-17 10:18:15', '2009-07-03 14:11:08', 2135, 5194, 698),
(2157, '2009-06-17 12:43:03', '2009-07-03 14:11:08', 2139, 5194, 698),
(2158, '2009-06-17 13:12:58', '2009-07-03 14:11:08', 2140, 5194, 698),
(2159, '2009-06-17 13:15:28', '2009-07-03 14:11:08', 2141, 5194, 698),
(2160, '2009-06-17 13:15:28', '2009-07-03 14:11:08', 2142, 5194, 698),
(2161, '2009-06-17 13:15:28', '2009-07-03 14:11:08', 2143, 5194, 698),
(2162, '2009-06-17 13:15:28', '2009-07-03 14:11:08', 2144, 5194, 698),
(2163, '2009-06-17 13:15:28', '2009-07-03 14:11:08', 2145, 5194, 698),
(2164, '2009-06-17 13:15:28', '2009-07-03 14:11:08', 2146, 5194, 698),
(2165, '2009-06-17 13:15:28', '2009-07-03 14:11:08', 2147, 5194, 698),
(2166, '2009-06-17 13:15:28', '2009-07-03 14:11:08', 2148, 5194, 698),
(2167, '2009-06-17 13:15:28', '2009-07-03 14:11:08', 2149, 5194, 698),
(2168, '2009-06-17 13:15:28', '2009-07-03 14:11:08', 2150, 5194, 698),
(2169, '2009-06-17 13:15:28', '2009-07-03 14:11:08', 2151, 5194, 698),
(2170, '2009-06-17 13:15:28', '2009-07-03 14:11:08', 2152, 5194, 698),
(2720, '2009-08-27 19:07:04', '2009-08-27 19:07:04', 2696, 5194, 698),
(2193, '2009-06-22 17:49:52', '2009-07-03 14:11:08', 2175, 5194, 698),
(2216, '2009-06-24 17:22:44', '2009-07-03 14:11:08', 2198, 5194, 698),
(2222, '2009-06-24 17:58:36', '2009-07-03 14:11:08', 2204, 5194, 698),
(2214, '2009-06-23 19:20:31', '2009-07-03 14:11:08', 2196, 5194, 698),
(2215, '2009-06-23 19:21:40', '2009-07-03 14:11:08', 2197, 5194, 698),
(2217, '2009-06-24 17:23:44', '2009-07-03 14:11:08', 2199, 5194, 698),
(2218, '2009-06-24 17:25:11', '2009-07-03 14:11:08', 2200, 5194, 698),
(3429, '2010-11-29 11:31:54', '2010-11-29 11:31:54', 3402, 5194, 698),
(3437, '2010-12-06 19:41:46', '2010-12-06 19:41:46', 3410, 5194, 698),
(2225, '2009-06-24 17:59:40', '2009-07-03 14:11:08', 2207, 5194, 698),
(2226, '2009-06-24 18:00:02', '2009-07-03 14:11:08', 2208, 5194, 698),
(2227, '2009-06-24 18:00:24', '2009-07-03 14:11:08', 2209, 5194, 698),
(3519, '2011-04-19 16:47:31', '2011-04-19 16:47:31', 3428, 5194, 698),
(2229, '2009-06-24 18:01:29', '2009-07-03 14:11:08', 2211, 5194, 698),
(2230, '2009-06-24 18:01:51', '2009-07-03 14:11:08', 2212, 5194, 698),
(2231, '2009-06-24 18:02:40', '2009-07-03 14:11:08', 2213, 5194, 698),
(2232, '2009-06-24 18:03:00', '2009-07-03 14:11:08', 2214, 5194, 698),
(2248, '2009-06-25 18:59:21', '2009-07-03 14:11:08', 2230, 5194, 698),
(2252, '2009-06-29 14:37:24', '2009-07-03 14:11:08', 2234, 5194, 698),
(2253, '2009-06-29 14:38:03', '2009-07-03 14:11:08', 2235, 5194, 698),
(2254, '2009-06-29 14:38:47', '2009-07-03 14:11:08', 2236, 5194, 698),
(2255, '2009-06-29 14:39:25', '2009-07-03 14:11:08', 2237, 5194, 698),
(2256, '2009-06-29 14:39:58', '2009-07-03 14:11:08', 2238, 5194, 698),
(2270, '2009-06-29 16:04:43', '2009-07-03 14:11:08', 2252, 5194, 698),
(2272, '2009-06-29 16:07:47', '2009-07-03 14:11:08', 2254, 5194, 698),
(2273, '2009-06-29 16:08:34', '2009-07-03 14:11:08', 2255, 5194, 698),
(2286, '2009-07-01 20:42:58', '2009-07-03 14:11:08', 2268, 5194, 698),
(2287, '2009-07-01 20:47:35', '2009-07-03 14:11:08', 2269, 5194, 698),
(2288, '2009-07-01 20:48:07', '2009-07-03 14:11:08', 2270, 5194, 698),
(3423, '2010-11-15 17:46:37', '2010-11-15 17:46:37', 3396, 5194, 698),
(2290, '2009-07-01 20:49:09', '2009-07-03 14:11:08', 2272, 5194, 698),
(2291, '2009-07-01 20:50:14', '2009-07-03 14:11:08', 2273, 5194, 698),
(2292, '2009-07-01 20:50:31', '2009-07-03 14:11:08', 2274, 5194, 698),
(2293, '2009-07-01 20:50:43', '2009-07-03 14:11:08', 2275, 5194, 698),
(2295, '2009-07-01 20:51:12', '2009-07-03 14:11:08', 2277, 5194, 698),
(2296, '2009-07-01 20:52:09', '2009-07-03 14:11:08', 2278, 5194, 698),
(2297, '2009-07-01 20:52:25', '2009-07-03 14:11:08', 2279, 5194, 698),
(2298, '2009-07-01 21:01:25', '2009-07-03 14:11:08', 2280, 5194, 698),
(3421, '2010-11-08 19:57:52', '2010-11-08 19:57:52', 3394, 5194, 698),
(2300, '2009-07-01 21:01:54', '2009-07-03 14:11:08', 2282, 5194, 698),
(2328, '2009-07-07 18:45:58', '2009-07-07 18:45:58', 2310, 5194, 698),
(2329, '2009-07-08 13:26:15', '2009-07-08 13:26:15', 2311, 5194, 698),
(2814, '2009-10-26 23:01:53', '2009-10-26 23:01:53', 2786, 5194, 698),
(2368, '2009-07-15 09:44:17', '2009-07-15 09:44:17', 2347, 5194, 698),
(2369, '2009-07-15 09:47:22', '2009-07-15 09:47:22', 2348, 5194, 698),
(2370, '2009-07-15 09:51:30', '2009-07-15 09:51:30', 2349, 5194, 698),
(2371, '2009-07-15 09:53:23', '2009-07-15 09:53:23', 2350, 5194, 698),
(2372, '2009-07-15 09:55:35', '2009-07-15 09:55:35', 2351, 5194, 698),
(2373, '2009-07-15 09:56:24', '2009-07-15 09:56:24', 2352, 5194, 698),
(2374, '2009-07-15 09:56:54', '2009-07-15 09:56:54', 2353, 5194, 698),
(2375, '2009-07-15 09:57:26', '2009-07-15 09:57:26', 2354, 5194, 698),
(2376, '2009-07-15 09:57:59', '2009-07-15 09:57:59', 2355, 5194, 698),
(2377, '2009-07-15 09:59:55', '2009-07-15 09:59:55', 2356, 5194, 698),
(2378, '2009-07-15 10:00:33', '2009-07-15 10:00:33', 2357, 5194, 698),
(2379, '2009-07-15 10:01:07', '2009-07-15 10:01:07', 2358, 5194, 698),
(2391, '2009-07-21 13:00:30', '2009-07-21 13:00:30', 2370, 5194, 698),
(2381, '2009-07-15 11:27:55', '2009-07-15 11:27:55', 2360, 5194, 698),
(2382, '2009-07-15 11:30:06', '2009-07-15 11:30:06', 2361, 5194, 698),
(2387, '2009-07-16 15:23:20', '2009-07-16 15:23:20', 2366, 5194, 698),
(2390, '2009-07-17 17:35:48', '2009-07-17 17:35:48', 2369, 5194, 698),
(2392, '2009-07-21 13:02:29', '2009-07-21 13:02:29', 2371, 5194, 698),
(2393, '2009-07-21 13:02:58', '2009-07-21 13:02:58', 2372, 5194, 698),
(2394, '2009-07-21 13:03:45', '2009-07-21 13:03:45', 2373, 5194, 698),
(2395, '2009-07-21 13:04:14', '2009-07-21 13:04:14', 2374, 5194, 698),
(2396, '2009-07-21 13:04:35', '2009-07-21 13:04:35', 2375, 5194, 698),
(2397, '2009-07-21 13:05:02', '2009-07-21 13:05:02', 2376, 5194, 698),
(2398, '2009-07-21 13:05:19', '2009-07-21 13:05:19', 2377, 5194, 698),
(2399, '2009-07-21 13:05:34', '2009-07-21 13:05:34', 2378, 5194, 698),
(2813, '2009-10-26 23:01:20', '2009-10-26 23:01:20', 2785, 5194, 698),
(2406, '2009-07-23 15:01:56', '2009-07-23 15:01:56', 2385, 5194, 698),
(3434, '2010-12-01 19:02:45', '2010-12-01 19:02:45', 3407, 5194, 698),
(2410, '2009-07-24 18:04:27', '2009-07-24 18:04:27', 2389, 5194, 698),
(2412, '2009-07-27 01:30:52', '2009-07-27 01:30:52', 2391, 5194, 698),
(2413, '2009-07-27 01:32:02', '2009-07-27 01:32:02', 2392, 5194, 698),
(2461, '2009-08-05 09:19:48', '2009-08-05 09:19:48', 2440, 5194, 698),
(2421, '2009-07-28 16:14:57', '2009-07-28 16:14:57', 2400, 5194, 698),
(2422, '2009-07-28 23:06:32', '2009-07-28 23:06:32', 2401, 5194, 698),
(2485, '2009-08-17 21:38:47', '2009-08-17 21:38:47', 2464, 5194, 698),
(2462, '2009-08-05 09:21:30', '2009-08-05 09:21:30', 2441, 5194, 698),
(2466, '2009-08-05 19:23:18', '2009-08-05 19:23:18', 2445, 5194, 698),
(2467, '2009-08-05 19:24:30', '2009-08-05 19:24:30', 2446, 5194, 698),
(2468, '2009-08-05 19:24:43', '2009-08-05 19:24:43', 2447, 5194, 698),
(2470, '2009-08-05 19:25:14', '2009-08-05 19:25:14', 2449, 5194, 698),
(2471, '2009-08-05 19:25:45', '2009-08-05 19:25:45', 2450, 5194, 698),
(2878, '2009-12-16 16:47:11', '2009-12-16 16:47:11', 2850, 5194, 698),
(2473, '2009-08-05 19:27:14', '2009-08-05 19:27:14', 2452, 5194, 698),
(2474, '2009-08-05 19:27:39', '2009-08-05 19:27:39', 2453, 5194, 698),
(2475, '2009-08-05 19:28:03', '2009-08-05 19:28:03', 2454, 5194, 698),
(2476, '2009-08-05 19:28:24', '2009-08-05 19:28:24', 2455, 5194, 698),
(2479, '2009-08-07 09:51:17', '2009-08-07 09:51:17', 2458, 5194, 698),
(2480, '2009-08-07 20:27:11', '2009-08-07 20:27:11', 2459, 5194, 698),
(2498, '2009-08-19 14:32:44', '2009-08-19 14:32:44', 2476, 5194, 698),
(2483, '2009-08-17 13:13:33', '2009-08-17 13:13:33', 2462, 5194, 698),
(2490, '2009-08-18 16:30:01', '2009-08-18 16:30:01', 2469, 5194, 698),
(2491, '2009-08-18 16:30:01', '2009-08-18 16:30:01', 2470, 5194, 698),
(2492, '2009-08-18 16:31:13', '2009-08-18 16:31:13', 2471, 5194, 698),
(2502, '2009-08-21 16:07:16', '2009-08-21 16:07:16', 2479, 5194, 698),
(2499, '2009-08-19 14:33:15', '2009-08-19 14:33:15', 2477, 5194, 698),
(2504, '2009-08-21 16:10:57', '2009-08-21 16:10:57', 2481, 5194, 698),
(2507, '2009-08-24 14:37:23', '2009-08-24 14:37:23', 2484, 5194, 698),
(2508, '2009-08-24 14:37:44', '2009-08-24 14:37:44', 2485, 5194, 698),
(2599, '2009-08-24 17:51:03', '2009-08-24 17:51:03', 2575, 5194, 698),
(2600, '2009-08-24 18:11:43', '2009-08-24 18:11:43', 2576, 5194, 698),
(2601, '2009-08-24 18:11:59', '2009-08-24 18:11:59', 2577, 5194, 698),
(2602, '2009-08-24 18:28:47', '2009-08-24 18:28:47', 2578, 5194, 698),
(2715, '2009-08-24 19:09:07', '2009-08-24 19:09:07', 2691, 5194, 698),
(2716, '2009-08-24 19:11:04', '2009-08-24 19:11:04', 2692, 5194, 698),
(2717, '2009-08-24 19:11:15', '2009-08-24 19:11:15', 2693, 5194, 698),
(2718, '2009-08-24 21:16:32', '2009-08-24 21:16:32', 2694, 5194, 698),
(2719, '2009-08-24 21:17:01', '2009-08-24 21:17:01', 2695, 5194, 698),
(2721, '2009-09-01 13:47:10', '2009-09-01 13:47:10', 2697, 5194, 698),
(2722, '2009-09-01 13:48:47', '2009-09-01 13:48:47', 2698, 5194, 698),
(2723, '2009-09-01 13:49:36', '2009-09-01 13:49:36', 2699, 5194, 698),
(2724, '2009-09-03 10:30:36', '2009-09-03 10:30:36', 2700, 5194, 698),
(2725, '2009-09-03 10:31:04', '2009-09-03 10:31:04', 2701, 5194, 698),
(2726, '2009-09-03 21:36:58', '2009-09-03 21:36:58', 2702, 5194, 698),
(2727, '2009-09-03 22:01:05', '2009-09-03 22:01:05', 2703, 5194, 698),
(2728, '2009-09-03 22:01:59', '2009-09-03 22:01:59', 2704, 5194, 698),
(2729, '2009-09-03 22:03:43', '2009-09-03 22:03:43', 2705, 5194, 698),
(2738, '2009-09-07 18:52:52', '2009-09-07 18:52:52', 2714, 5194, 698),
(2747, '2009-09-09 18:53:52', '2009-09-09 18:53:52', 2723, 5194, 698),
(2748, '2009-09-09 18:54:40', '2009-09-09 18:54:40', 2724, 5194, 698),
(2751, '2009-09-11 16:56:16', '2009-09-11 16:56:16', 2727, 5194, 698),
(2763, '2009-09-28 15:19:14', '2009-09-28 15:19:14', 2739, 5194, 698),
(2774, '2009-10-01 05:52:15', '2009-10-01 05:52:15', 2750, 5194, 698),
(2775, '2009-10-01 12:57:34', '2009-10-01 12:57:34', 2751, 5194, 698),
(2776, '2009-10-01 12:58:03', '2009-10-01 12:58:03', 2752, 5194, 698),
(2777, '2009-10-01 12:58:15', '2009-10-01 12:58:15', 2753, 5194, 698),
(2778, '2009-10-01 12:58:25', '2009-10-01 12:58:25', 2754, 5194, 698),
(2779, '2009-10-01 12:58:50', '2009-10-01 12:58:50', 2755, 5194, 698),
(2780, '2009-10-01 12:59:09', '2009-10-01 12:59:09', 2756, 5194, 698),
(2781, '2009-10-01 12:59:41', '2009-10-01 12:59:41', 2757, 5194, 698),
(2782, '2009-10-01 13:00:15', '2009-10-01 13:00:15', 2758, 5194, 698),
(2783, '2009-10-02 01:15:53', '2009-10-02 01:15:53', 2759, 5194, 698),
(2784, '2009-10-02 02:57:10', '2009-10-02 02:57:10', 2760, 5194, 698),
(2785, '2009-10-02 02:57:35', '2009-10-02 02:57:35', 2761, 5194, 698),
(2787, '2009-10-05 00:37:03', '2009-10-09 20:48:44', 58, 5194, 698),
(2789, '2009-10-05 08:59:57', '2009-10-05 08:59:57', 2763, 5194, 698),
(2876, '2009-12-09 19:53:23', '2009-12-09 19:53:23', 2848, 5194, 698),
(2799, '2009-10-08 14:49:30', '2009-10-08 14:49:30', 2773, 5194, 698),
(2800, '2009-10-08 14:50:04', '2009-10-08 14:50:04', 2774, 5194, 698),
(2806, '2009-10-15 15:52:21', '2009-10-15 15:52:21', 2778, 5194, 698),
(2808, '2009-10-16 18:35:29', '2009-10-16 18:35:29', 2780, 5194, 698),
(2809, '2009-10-16 18:36:25', '2009-10-16 18:36:25', 2781, 5194, 698),
(2810, '2009-10-19 21:20:36', '2009-10-19 21:20:36', 2782, 5194, 698),
(2811, '2009-10-19 21:21:08', '2009-10-19 21:21:08', 2783, 5194, 698),
(3134, '2009-12-17 22:37:37', '2009-12-17 22:37:37', 3107, 5194, 698),
(2833, '2009-11-08 19:50:53', '2009-11-08 19:50:53', 2805, 5194, 698),
(2834, '2009-11-08 19:51:27', '2009-11-08 19:51:27', 2806, 5194, 698),
(2836, '2009-11-11 16:21:28', '2009-11-11 16:21:28', 2808, 5194, 698),
(2837, '2009-11-11 16:21:56', '2009-11-11 16:21:56', 2809, 5194, 698),
(2838, '2009-11-11 16:22:30', '2009-11-11 16:22:30', 2810, 5194, 698),
(2839, '2009-11-11 16:22:57', '2009-11-11 16:22:57', 2811, 5194, 698),
(2840, '2009-11-16 14:25:08', '2009-11-16 14:25:08', 2812, 5194, 698),
(3424, '2010-11-25 17:48:52', '2010-11-25 17:48:52', 3397, 5194, 698),
(2842, '2009-11-16 18:02:33', '2009-11-16 18:02:33', 2814, 5194, 698),
(2843, '2009-11-18 17:08:32', '2009-11-18 17:08:32', 2815, 5194, 698),
(2844, '2009-11-25 13:20:54', '2009-11-25 13:20:54', 2816, 5194, 698),
(2845, '2009-11-26 14:25:07', '2009-11-26 14:25:07', 2817, 5194, 698),
(2846, '2009-12-01 09:00:25', '2009-12-01 09:00:25', 2818, 5194, 698),
(2847, '2009-12-01 09:00:49', '2009-12-01 09:00:49', 2819, 5194, 698),
(2855, '2009-12-03 11:19:06', '2009-12-03 11:19:06', 2827, 5194, 698),
(2849, '2009-12-01 09:01:16', '2009-12-01 09:01:16', 2821, 5194, 698),
(2850, '2009-12-01 09:01:45', '2009-12-01 09:01:45', 2822, 5194, 698),
(2856, '2009-12-03 11:20:33', '2009-12-03 11:20:33', 2828, 5194, 698),
(2852, '2009-12-01 09:02:51', '2009-12-01 09:02:51', 2824, 5194, 698),
(2853, '2009-12-01 09:04:40', '2009-12-01 09:04:40', 2825, 5194, 698),
(2854, '2009-12-01 09:45:49', '2009-12-01 09:45:49', 2826, 5194, 698),
(2857, '2009-12-03 11:21:58', '2009-12-03 11:21:58', 2829, 5194, 698),
(2858, '2009-12-03 11:25:54', '2009-12-03 11:25:54', 2830, 5194, 698),
(3295, '2010-03-17 14:53:56', '2010-03-17 14:53:56', 3268, 5194, 698),
(2861, '2009-12-03 16:40:35', '2009-12-03 16:40:35', 2833, 5194, 698),
(2862, '2009-12-03 16:41:10', '2009-12-03 16:41:10', 2834, 5194, 698),
(2863, '2009-12-03 16:41:30', '2009-12-03 16:41:30', 2835, 5194, 698),
(2864, '2009-12-03 17:10:13', '2009-12-03 17:10:13', 2836, 5194, 698),
(2866, '2009-12-07 22:41:22', '2009-12-07 22:41:22', 2838, 5194, 698),
(2867, '2009-12-07 22:41:48', '2009-12-07 22:41:48', 2839, 5194, 698),
(2868, '2009-12-07 22:42:05', '2009-12-07 22:42:05', 2840, 5194, 698),
(2869, '2009-12-07 22:42:26', '2009-12-07 22:42:26', 2841, 5194, 698),
(2870, '2009-12-07 22:42:46', '2009-12-07 22:42:46', 2842, 5194, 698),
(2871, '2009-12-07 22:43:09', '2009-12-07 22:43:09', 2843, 5194, 698),
(2872, '2009-12-07 22:43:26', '2009-12-07 22:43:26', 2844, 5194, 698),
(2874, '2009-12-09 19:21:11', '2009-12-09 19:21:11', 2846, 5194, 698),
(3135, '2009-12-17 22:39:34', '2009-12-17 22:39:34', 3108, 5194, 698),
(3136, '2009-12-17 22:39:51', '2009-12-17 22:39:51', 3109, 5194, 698),
(3137, '2009-12-17 22:40:20', '2009-12-17 22:40:20', 3110, 5194, 698),
(3138, '2009-12-17 22:40:39', '2009-12-17 22:40:39', 3111, 5194, 698),
(3139, '2009-12-17 22:41:00', '2009-12-17 22:41:00', 3112, 5194, 698),
(3140, '2009-12-18 18:05:17', '2009-12-18 18:05:17', 3113, 5194, 698),
(3141, '2009-12-18 18:05:45', '2009-12-18 18:05:45', 3114, 5194, 698),
(3142, '2009-12-18 18:06:04', '2009-12-18 18:06:04', 3115, 5194, 698),
(3143, '2009-12-18 18:06:36', '2009-12-18 18:06:36', 3116, 5194, 698),
(3144, '2009-12-18 18:08:43', '2009-12-18 18:08:43', 3117, 5194, 698),
(3157, '2009-12-23 16:35:25', '2009-12-23 16:35:25', 3130, 5194, 698),
(3159, '2009-12-24 14:16:00', '2009-12-24 14:16:00', 3132, 5194, 698),
(3160, '2009-12-24 14:18:12', '2009-12-24 14:18:12', 3133, 5194, 698),
(3161, '2009-12-24 14:19:29', '2009-12-24 14:19:29', 3134, 5194, 698),
(3162, '2009-12-24 14:20:18', '2009-12-24 14:20:18', 3135, 5194, 698),
(3163, '2009-12-24 14:20:52', '2009-12-24 14:20:52', 3136, 5194, 698),
(3164, '2009-12-24 14:21:22', '2009-12-24 14:21:22', 3137, 5194, 698),
(3170, '2009-12-25 17:47:17', '2009-12-25 17:47:17', 3143, 5194, 698),
(3173, '2009-12-28 20:52:38', '2009-12-28 20:52:38', 3146, 5194, 698),
(3175, '2009-12-29 19:14:29', '2009-12-29 19:14:29', 3148, 5194, 698),
(3176, '2009-12-29 19:15:04', '2009-12-29 19:15:04', 3149, 5194, 698),
(3177, '2009-12-29 19:16:09', '2009-12-29 19:16:09', 3150, 5194, 698),
(3179, '2010-01-04 20:58:17', '2010-01-04 20:58:17', 3152, 5194, 698),
(3180, '2010-01-04 20:59:04', '2010-01-04 20:59:04', 3153, 5194, 698),
(3181, '2010-01-05 09:59:03', '2010-01-05 09:59:03', 3154, 5194, 698),
(3191, '2010-01-08 09:50:35', '2010-01-08 09:50:35', 3164, 5194, 698),
(3192, '2010-01-08 09:59:30', '2010-01-08 09:59:30', 3165, 5194, 698),
(3193, '2010-01-08 10:00:17', '2010-01-08 10:00:17', 3166, 5194, 698),
(3194, '2010-01-08 10:00:56', '2010-01-08 10:00:56', 3167, 5194, 698),
(3195, '2010-01-08 10:01:57', '2010-01-08 10:01:57', 3168, 5194, 698),
(3196, '2010-01-08 10:03:02', '2010-01-08 10:03:02', 3169, 5194, 698),
(3211, '2010-01-16 20:00:30', '2010-01-16 20:00:30', 3184, 5194, 698),
(3212, '2010-01-16 20:00:55', '2010-01-16 20:00:55', 3185, 5194, 698),
(3213, '2010-01-16 20:01:23', '2010-01-16 20:01:23', 3186, 5194, 698),
(3214, '2010-01-16 20:01:45', '2010-01-16 20:01:45', 3187, 5194, 698),
(3215, '2010-01-16 20:02:07', '2010-01-16 20:02:07', 3188, 5194, 698),
(3216, '2010-01-16 20:02:24', '2010-01-16 20:02:24', 3189, 5194, 698),
(3217, '2010-01-18 20:27:42', '2010-01-18 20:27:42', 3190, 5194, 698),
(3218, '2010-01-19 19:58:34', '2010-01-19 19:58:34', 3191, 5194, 698),
(3221, '2010-01-23 11:26:47', '2010-01-23 11:26:47', 3194, 5194, 698),
(3222, '2010-01-23 11:59:58', '2010-01-23 11:59:58', 3195, 5194, 698),
(3223, '2010-01-27 14:24:25', '2010-01-27 14:24:25', 3196, 5194, 698),
(3224, '2010-01-27 14:24:58', '2010-01-27 14:24:58', 3197, 5194, 698),
(3225, '2010-01-27 14:25:18', '2010-01-27 14:25:18', 3198, 5194, 698),
(3226, '2010-01-29 18:47:55', '2010-01-29 18:47:55', 3199, 5194, 698),
(3227, '2010-01-29 18:48:17', '2010-01-29 18:48:17', 3200, 5194, 698),
(3228, '2010-01-29 18:48:39', '2010-01-29 18:48:39', 3201, 5194, 698),
(3230, '2010-02-02 11:55:44', '2010-02-02 11:55:44', 3203, 5194, 698),
(3239, '2010-02-03 20:49:54', '2010-02-03 20:49:54', 3212, 5194, 698),
(3240, '2010-02-03 21:29:00', '2010-02-03 21:29:00', 3213, 5194, 698),
(3241, '2010-02-03 21:30:26', '2010-02-03 21:30:26', 3214, 5194, 698),
(3243, '2010-02-04 01:57:00', '2010-02-04 01:57:00', 3216, 5194, 698),
(3248, '2010-02-04 17:28:12', '2010-02-04 17:28:12', 3221, 5194, 698),
(3249, '2010-02-04 21:00:14', '2010-02-04 21:00:14', 3222, 5194, 698),
(3250, '2010-02-05 17:44:24', '2010-02-05 17:44:24', 3223, 5194, 698),
(3252, '2010-02-08 17:24:33', '2010-02-08 17:24:33', 3225, 5194, 698),
(3262, '2010-02-16 20:12:28', '2010-02-16 20:12:28', 3235, 5194, 698),
(3265, '2010-02-17 17:02:14', '2010-02-17 17:02:14', 3238, 5194, 698),
(3266, '2010-02-17 21:54:50', '2010-02-17 21:54:50', 3239, 5194, 698),
(3267, '2010-02-17 21:55:18', '2010-02-17 21:55:18', 3240, 5194, 698),
(3284, '2010-03-06 15:28:03', '2010-03-06 15:28:03', 3257, 5194, 698),
(3286, '2010-03-08 11:43:57', '2010-03-08 11:43:57', 3259, 5194, 698),
(3290, '2010-03-10 11:26:54', '2010-03-10 11:26:54', 3263, 5194, 698),
(3291, '2010-03-10 11:27:27', '2010-03-10 11:27:27', 3264, 5194, 698),
(3296, '2010-03-18 13:34:07', '2010-03-18 13:34:07', 3269, 5194, 698),
(3298, '2010-03-19 10:16:32', '2010-03-19 10:16:32', 3271, 5194, 698),
(3300, '2010-03-19 15:16:47', '2010-03-19 15:16:47', 3273, 5194, 698),
(3301, '2010-03-22 18:46:32', '2010-03-22 18:46:32', 3274, 5194, 698),
(3302, '2010-03-25 22:34:34', '2010-03-25 22:34:34', 3275, 5194, 698),
(3309, '2010-05-18 20:22:26', '2010-05-18 20:22:26', 3282, 5194, 698),
(3314, '2010-06-02 14:47:59', '2010-06-02 14:47:59', 3287, 5194, 698),
(3315, '2010-06-23 16:40:25', '2010-06-23 16:40:25', 3288, 5194, 698),
(3316, '2010-06-23 16:47:04', '2010-06-23 16:47:04', 3289, 5194, 698),
(3317, '2010-06-23 16:48:38', '2010-06-23 16:48:38', 3290, 5194, 698),
(3318, '2010-06-28 10:35:29', '2010-06-28 10:35:29', 3291, 5194, 698),
(3319, '2010-06-28 10:36:41', '2010-06-28 10:36:41', 3292, 5194, 698),
(3320, '2010-06-28 10:37:17', '2010-06-28 10:37:17', 3293, 5194, 698),
(3321, '2010-06-28 10:37:55', '2010-06-28 10:37:55', 3294, 5194, 698),
(3322, '2010-06-28 15:11:52', '2010-06-28 15:11:52', 3295, 5194, 698),
(3323, '2010-06-28 15:12:28', '2010-06-28 15:12:28', 3296, 5194, 698),
(3324, '2010-07-07 19:19:23', '2010-07-07 19:19:23', 3297, 5194, 698),
(3325, '2010-07-07 19:19:53', '2010-07-07 19:19:53', 3298, 5194, 698),
(3326, '2010-07-10 20:44:44', '2010-07-10 20:44:44', 3299, 5194, 698),
(3327, '2010-07-10 20:45:31', '2010-07-10 20:45:31', 3300, 5194, 698),
(3328, '2010-07-12 10:33:21', '2010-07-12 10:33:21', 3301, 5194, 698),
(3329, '2010-07-13 14:14:09', '2010-07-13 14:14:09', 3302, 5194, 698),
(3330, '2010-07-22 19:32:20', '2010-07-22 19:32:20', 3303, 5194, 698),
(3331, '2010-07-22 19:32:49', '2010-07-22 19:32:49', 3304, 5194, 698),
(3332, '2010-07-22 19:33:10', '2010-07-22 19:33:10', 3305, 5194, 698),
(3333, '2010-07-22 19:33:29', '2010-07-22 19:33:29', 3306, 5194, 698),
(3334, '2010-07-22 19:34:01', '2010-07-22 19:34:01', 3307, 5194, 698),
(3335, '2010-07-22 19:34:30', '2010-07-22 19:34:30', 3308, 5194, 698),
(3336, '2010-07-22 19:34:59', '2010-07-22 19:34:59', 3309, 5194, 698),
(3337, '2010-07-22 19:35:23', '2010-07-22 19:35:23', 3310, 5194, 698),
(3338, '2010-07-22 19:35:54', '2010-07-22 19:35:54', 3311, 5194, 698),
(3339, '2010-07-22 19:36:25', '2010-07-22 19:36:25', 3312, 5194, 698),
(3341, '2010-07-24 14:22:17', '2010-07-24 14:22:17', 3314, 5194, 698),
(3342, '2010-07-24 14:25:51', '2010-07-24 14:25:51', 3315, 5194, 698),
(3343, '2010-07-27 13:21:15', '2010-07-27 13:21:15', 3316, 5194, 698),
(3344, '2010-07-28 09:59:36', '2010-07-28 09:59:36', 3317, 5194, 698),
(3345, '2010-07-28 17:29:29', '2010-07-28 17:29:29', 3318, 5194, 698),
(3346, '2010-07-29 14:37:22', '2010-07-29 14:37:22', 3319, 5194, 698),
(3350, '2010-08-03 10:33:55', '2010-08-03 10:33:55', 3323, 5194, 698),
(3351, '2010-08-03 10:34:14', '2010-08-03 10:34:14', 3324, 5194, 698),
(3352, '2010-08-03 11:19:08', '2010-08-03 11:19:08', 3325, 5194, 698),
(3354, '2010-08-03 17:56:14', '2010-08-03 17:56:14', 3327, 5194, 698),
(3355, '2010-08-25 13:50:46', '2010-08-25 13:50:46', 3328, 5194, 698),
(3360, '2010-09-13 17:53:26', '2010-09-13 17:53:26', 3333, 5194, 698),
(3361, '2010-09-14 15:54:22', '2010-09-14 15:54:22', 3334, 5194, 698),
(3362, '2010-09-14 15:55:42', '2010-09-14 15:55:42', 3335, 5194, 698),
(3363, '2010-09-14 16:42:09', '2010-09-14 16:42:09', 3336, 5194, 698),
(3364, '2010-09-15 16:51:53', '2010-09-15 16:51:53', 3337, 5194, 698),
(3367, '2010-09-27 19:57:22', '2010-09-27 19:57:22', 3340, 5194, 698),
(3368, '2010-09-29 09:48:37', '2010-09-29 09:48:37', 3341, 5194, 698),
(3369, '2010-09-29 09:49:24', '2010-09-29 09:49:24', 3342, 5194, 698),
(3370, '2010-10-04 11:56:17', '2010-10-04 11:56:17', 3343, 5194, 698),
(3371, '2010-10-05 19:43:06', '2010-10-05 19:43:06', 3344, 5194, 698),
(3372, '2010-10-06 15:31:04', '2010-10-06 15:31:04', 3345, 5194, 698),
(3373, '2010-10-12 15:30:18', '2010-10-12 15:30:18', 3346, 5194, 698),
(3374, '2010-10-13 20:24:27', '2010-10-13 20:24:27', 3347, 5194, 698),
(3375, '2010-10-13 20:25:07', '2010-10-13 20:25:07', 3348, 5194, 698),
(3376, '2010-10-19 16:23:51', '2010-10-19 16:23:51', 3349, 5194, 698),
(3377, '2010-10-19 16:24:12', '2010-10-19 16:24:12', 3350, 5194, 698),
(3378, '2010-10-19 16:24:36', '2010-10-19 16:24:36', 3351, 5194, 698),
(3379, '2010-10-19 16:24:38', '2010-10-19 16:24:38', 3352, 5194, 698),
(3380, '2010-10-19 16:25:03', '2010-10-19 16:25:03', 3353, 5194, 698),
(3381, '2010-10-20 14:47:09', '2010-10-20 14:47:09', 3354, 5194, 698),
(3382, '2010-10-22 20:39:49', '2010-10-22 20:39:49', 3355, 5194, 698),
(3383, '2010-10-22 20:40:33', '2010-10-22 20:40:33', 3356, 5194, 698),
(3384, '2010-10-22 20:40:58', '2010-10-22 20:40:58', 3357, 5194, 698),
(3385, '2010-10-22 20:41:39', '2010-10-22 20:41:39', 3358, 5194, 698),
(3386, '2010-10-22 20:50:47', '2010-10-22 20:50:47', 3359, 5194, 698),
(3387, '2010-10-22 20:50:54', '2010-10-22 20:50:54', 3360, 5194, 698),
(3388, '2010-10-22 20:52:19', '2010-10-22 20:52:19', 3361, 5194, 698),
(3389, '2010-10-24 19:31:11', '2010-10-24 19:31:11', 3362, 5194, 698),
(3390, '2010-10-25 13:06:16', '2010-10-25 13:06:16', 3363, 5194, 698),
(3391, '2010-10-25 13:06:55', '2010-10-25 13:06:55', 3364, 5194, 698),
(3392, '2010-10-25 13:07:20', '2010-10-25 13:07:20', 3365, 5194, 698),
(3393, '2010-10-25 13:10:16', '2010-10-25 13:10:16', 3366, 5194, 698),
(3394, '2010-10-25 20:11:44', '2010-10-25 20:11:44', 3367, 5194, 698),
(3395, '2010-10-25 20:12:07', '2010-10-25 20:12:07', 3368, 5194, 698),
(3396, '2010-10-25 20:15:17', '2010-10-25 20:15:17', 3369, 5194, 698),
(3397, '2010-10-25 20:15:39', '2010-10-25 20:15:39', 3370, 5194, 698),
(3400, '2010-10-25 23:12:27', '2010-10-25 23:12:27', 3373, 5194, 698),
(3401, '2010-10-25 23:12:54', '2010-10-25 23:12:54', 3374, 5194, 698),
(3402, '2010-10-25 23:13:19', '2010-10-25 23:13:19', 3375, 5194, 698),
(3403, '2010-10-25 23:13:47', '2010-10-25 23:13:47', 3376, 5194, 698),
(3404, '2010-10-26 14:07:45', '2010-10-26 14:07:45', 3377, 5194, 698),
(3405, '2010-10-26 14:08:52', '2010-10-26 14:08:52', 3378, 5194, 698),
(3406, '2010-10-26 14:10:05', '2010-10-26 14:10:05', 3379, 5194, 698),
(3407, '2010-10-27 19:52:04', '2010-10-27 19:52:04', 3380, 5194, 698),
(3408, '2010-10-28 20:05:29', '2010-10-28 20:05:29', 3381, 5194, 698),
(3409, '2010-10-30 11:08:58', '2010-10-30 11:08:58', 3382, 5194, 698),
(3410, '2010-10-30 11:09:29', '2010-10-30 11:09:29', 3383, 5194, 698),
(3413, '2010-11-02 15:14:58', '2010-11-02 15:14:58', 3386, 5194, 698),
(3412, '2010-10-30 11:10:21', '2010-10-30 11:10:21', 3385, 5194, 698),
(3414, '2010-11-02 15:16:01', '2010-11-02 15:16:01', 3387, 5194, 698),
(3415, '2010-11-02 17:34:52', '2010-11-02 17:34:52', 3388, 5194, 698),
(3416, '2010-11-04 20:34:27', '2010-11-04 20:34:27', 3389, 5194, 698),
(3417, '2010-11-04 20:35:21', '2010-11-04 20:35:21', 3390, 5194, 698),
(3418, '2010-11-04 20:36:03', '2010-11-04 20:36:03', 3391, 5194, 698),
(3419, '2010-11-04 20:36:40', '2010-11-04 20:36:40', 3392, 5194, 698),
(3420, '2010-11-04 20:37:19', '2010-11-04 20:37:19', 3393, 5194, 698),
(3426, '2010-11-26 19:30:00', '2010-11-26 19:30:00', 3399, 5194, 698),
(3427, '2010-11-26 19:30:34', '2010-11-26 19:30:34', 3400, 5194, 698),
(3430, '2010-11-30 17:47:28', '2010-11-30 17:47:28', 3403, 5194, 698),
(3431, '2010-11-30 17:48:17', '2010-11-30 17:48:17', 3404, 5194, 698),
(3432, '2010-11-30 20:31:40', '2010-11-30 20:31:40', 3405, 5194, 698),
(3438, '2010-12-07 15:35:14', '2010-12-07 15:35:14', 3411, 5194, 698),
(3443, '2010-12-08 11:52:53', '2010-12-08 11:52:53', 3416, 5194, 698),
(3445, '2010-12-09 15:51:56', '2010-12-09 15:51:56', 3418, 5194, 698),
(3447, '2010-12-10 15:10:50', '2010-12-10 15:10:50', 3420, 5194, 698),
(3448, '2010-12-10 16:40:34', '2010-12-10 16:40:34', 3421, 5194, 698),
(3449, '2010-12-13 15:50:51', '2010-12-13 15:50:51', 3422, 5194, 698),
(3450, '2010-12-13 15:51:41', '2010-12-13 15:51:41', 3423, 5194, 698),
(3451, '2010-12-13 16:09:58', '2010-12-13 16:09:58', 3424, 5194, 698),
(3454, '2010-12-14 15:38:11', '2010-12-14 15:38:11', 3427, 5194, 698),
(3456, '2010-12-14 15:53:10', '2010-12-14 15:53:10', 3429, 5194, 698),
(3457, '2010-12-14 15:54:18', '2010-12-14 15:54:18', 3430, 5194, 698),
(3465, '2010-12-16 20:33:55', '2010-12-16 20:33:55', 3438, 5194, 698),
(3466, '2010-12-17 13:02:43', '2010-12-17 13:02:43', 3439, 5194, 698),
(3468, '2010-12-21 09:57:38', '2010-12-21 09:57:38', 3441, 5194, 698),
(3521, '2011-05-21 21:07:29', '2011-05-21 21:07:29', 3445, 5194, 698),
(3522, '2012-05-08 19:07:34', '2012-05-08 19:07:34', 3446, 5194, 698),
(3523, '2012-05-08 19:07:58', '2012-05-08 19:07:58', 3447, 5194, 698),
(3524, '2012-05-09 13:58:57', '2012-05-09 13:58:57', 3448, 5194, 698),
(3525, '2012-05-10 14:50:17', '2012-05-10 14:50:17', 3449, 5194, 698),
(3526, '2012-05-10 14:52:21', '2012-05-10 14:52:21', 3450, 5194, 698),
(3527, '2012-05-10 14:57:42', '2012-05-10 14:57:42', 3451, 5194, 698),
(3540, '2012-05-14 14:58:25', '2012-05-14 14:58:25', 3464, 5194, 698),
(3529, '2012-05-10 15:00:27', '2012-05-10 15:00:27', 3453, 5194, 698),
(3530, '2012-05-10 15:01:56', '2012-05-10 15:01:56', 3454, 5194, 698),
(3531, '2012-05-10 15:02:58', '2012-05-10 15:02:58', 3455, 5194, 698),
(3532, '2012-05-10 15:03:59', '2012-05-10 15:03:59', 3456, 5194, 698),
(3533, '2012-05-10 15:04:59', '2012-05-10 15:04:59', 3457, 5194, 698),
(3534, '2012-05-10 15:05:43', '2012-05-10 15:05:43', 3458, 5194, 698),
(3535, '2012-05-10 15:06:29', '2012-05-10 15:06:29', 3459, 5194, 698),
(3536, '2012-05-10 15:07:37', '2012-05-10 15:07:37', 3460, 5194, 698),
(3537, '2012-05-10 15:08:27', '2012-05-10 15:08:27', 3461, 5194, 698),
(3538, '2012-05-10 15:09:16', '2012-05-10 15:09:16', 3462, 5194, 698),
(3539, '2012-05-10 15:09:58', '2012-05-10 15:09:58', 3463, 5194, 698),
(3541, '2012-05-14 15:11:11', '2012-05-14 15:11:11', 3465, 5194, 698),
(3542, '2012-05-14 15:12:11', '2012-05-14 15:12:11', 3466, 5194, 698),
(3543, '2012-05-14 15:13:05', '2012-05-14 15:13:05', 3467, 5194, 698),
(3544, '2012-05-14 15:13:42', '2012-05-14 15:13:42', 3468, 5194, 698),
(3545, '2012-05-14 15:46:25', '2012-05-14 15:46:25', 3469, 5194, 698),
(3546, '2012-05-14 15:46:50', '2012-05-14 15:46:50', 3470, 5194, 698),
(3547, '2012-05-14 15:47:09', '2012-05-14 15:47:09', 3471, 5194, 698),
(3548, '2012-05-14 15:47:21', '2012-05-14 15:47:21', 3472, 5194, 698),
(3549, '2012-05-14 15:47:33', '2012-05-14 15:47:33', 3473, 5194, 698),
(3550, '2012-05-14 15:48:22', '2012-05-14 15:48:22', 3474, 5194, 698),
(3551, '2012-05-14 15:49:27', '2012-05-14 15:49:27', 3475, 5194, 698),
(3552, '2012-05-14 15:50:01', '2012-05-14 15:50:01', 3476, 5194, 698),
(3553, '2012-05-14 15:51:42', '2012-05-14 15:51:42', 3477, 5194, 698),
(3554, '2012-05-14 15:52:09', '2012-05-14 15:52:09', 3478, 5194, 698),
(3555, '2012-05-14 15:53:09', '2012-05-14 15:53:09', 3479, 5194, 698),
(3556, '2012-05-14 15:53:35', '2012-05-14 15:53:35', 3480, 5194, 698),
(3557, '2012-05-14 15:53:58', '2012-05-14 15:53:58', 3481, 5194, 698),
(3558, '2012-05-14 15:55:05', '2012-05-14 15:55:05', 3482, 5194, 698),
(3559, '2012-05-14 15:55:49', '2012-05-14 15:55:49', 3483, 5194, 698),
(3560, '2012-05-14 15:56:22', '2012-05-14 15:56:22', 3484, 5194, 698);

--
-- テーブルのデータをダンプしています `system_custom_groups`
--

INSERT INTO `system_custom_groups` (`id`, `parent_id`, `class_id`, `owner_uid`, `owner_gid`, `updater_uid`, `updater_gid`, `state`, `created_at`, `updated_at`, `level_no`, `name`, `name_en`, `sort_no`, `sort_prefix`, `is_default`) VALUES
(5, NULL, 1, 5194, 698, 5194, 698, 'enabled', '2011-05-13 14:29:29', '2011-05-13 14:48:44', NULL, '人事課', '', 2000, '', 1),
(2, NULL, 1, 5194, 698, 5194, 698, 'enabled', '2011-05-13 14:11:27', '2011-05-13 14:44:33', NULL, '全庁幹部予定表', '', 0, '', 0),
(3, NULL, 1, 5194, 698, 5194, 698, 'enabled', '2011-05-13 14:17:15', '2011-05-13 14:44:40', NULL, '企画部幹部予定表', '', 100, '', 0),
(4, NULL, 1, 5194, 698, 5194, 698, 'enabled', '2011-05-13 14:26:46', '2011-05-13 14:48:33', NULL, '秘書広報課', '', 1000, '', 1),
(6, NULL, 1, 5194, 698, 5194, 698, 'enabled', '2011-05-13 14:32:16', '2011-05-13 14:48:52', NULL, '企画政策課', '', 3000, '', 1);

--
-- テーブルのデータをダンプしています `system_custom_group_roles`
--

INSERT INTO `system_custom_group_roles` (`rid`, `created_at`, `updated_at`, `group_id`, `custom_group_id`, `priv_name`, `user_id`, `class_id`) VALUES
(28131, '2011-05-13 14:11:27', '2011-05-13 14:11:27', 701, 2, 'read', NULL, 2),
(28130, '2011-05-13 14:11:27', '2011-05-13 14:11:27', 700, 2, 'read', NULL, 2),
(28129, '2011-05-13 14:11:27', '2011-05-13 14:11:27', 699, 2, 'read', NULL, 2),
(28128, '2011-05-13 14:11:27', '2011-05-13 14:11:27', 698, 2, 'read', NULL, 2),
(28127, '2011-05-13 14:11:27', '2011-05-13 14:11:27', 697, 2, 'read', NULL, 2),
(28165, '2011-05-13 14:26:46', '2011-05-13 14:26:46', 704, 4, 'read', NULL, 2),
(28164, '2011-05-13 14:26:46', '2011-05-13 14:26:46', 703, 4, 'read', NULL, 2),
(28218, '2011-05-13 14:48:33', '2011-05-13 14:48:33', NULL, 4, 'edit', 5194, 1),
(28217, '2011-05-13 14:48:33', '2011-05-13 14:48:33', NULL, 4, 'admin', 5194, 1),
(28240, '2011-05-13 15:30:02', '2011-05-13 15:30:02', NULL, 3, 'read', 5194, 1),
(28163, '2011-05-13 14:26:46', '2011-05-13 14:26:46', 701, 4, 'read', NULL, 2),
(28162, '2011-05-13 14:26:46', '2011-05-13 14:26:46', 700, 4, 'read', NULL, 2),
(28161, '2011-05-13 14:26:46', '2011-05-13 14:26:46', 699, 4, 'read', NULL, 2),
(28160, '2011-05-13 14:26:46', '2011-05-13 14:26:46', 698, 4, 'read', NULL, 2),
(28159, '2011-05-13 14:26:46', '2011-05-13 14:26:46', 697, 4, 'read', NULL, 2),
(28183, '2011-05-13 14:29:29', '2011-05-13 14:29:29', 701, 5, 'read', NULL, 2),
(28182, '2011-05-13 14:29:29', '2011-05-13 14:29:29', 700, 5, 'read', NULL, 2),
(28181, '2011-05-13 14:29:29', '2011-05-13 14:29:29', 699, 5, 'read', NULL, 2),
(28180, '2011-05-13 14:29:29', '2011-05-13 14:29:29', 698, 5, 'read', NULL, 2),
(28179, '2011-05-13 14:29:29', '2011-05-13 14:29:29', 697, 5, 'read', NULL, 2),
(28178, '2011-05-13 14:29:29', '2011-05-13 14:29:29', 699, 5, 'edit', NULL, 2),
(28200, '2011-05-13 14:32:16', '2011-05-13 14:32:16', 701, 6, 'read', NULL, 2),
(28199, '2011-05-13 14:32:16', '2011-05-13 14:32:16', 700, 6, 'read', NULL, 2),
(28198, '2011-05-13 14:32:16', '2011-05-13 14:32:16', 699, 6, 'read', NULL, 2),
(28197, '2011-05-13 14:32:16', '2011-05-13 14:32:16', 698, 6, 'read', NULL, 2),
(28196, '2011-05-13 14:32:16', '2011-05-13 14:32:16', 697, 6, 'read', NULL, 2),
(28239, '2011-05-13 15:30:02', '2011-05-13 15:30:02', 709, 3, 'read', NULL, 2),
(28238, '2011-05-13 15:30:02', '2011-05-13 15:30:02', 708, 3, 'read', NULL, 2),
(28237, '2011-05-13 15:30:02', '2011-05-13 15:30:02', 707, 3, 'read', NULL, 2),
(28236, '2011-05-13 15:30:02', '2011-05-13 15:30:02', 706, 3, 'read', NULL, 2),
(28235, '2011-05-13 15:30:02', '2011-05-13 15:30:02', 705, 3, 'read', NULL, 2),
(28234, '2011-05-13 15:30:02', '2011-05-13 15:30:02', 704, 3, 'read', NULL, 2),
(28233, '2011-05-13 15:30:02', '2011-05-13 15:30:02', 703, 3, 'read', NULL, 2),
(28232, '2011-05-13 15:30:02', '2011-05-13 15:30:02', 701, 3, 'read', NULL, 2),
(28231, '2011-05-13 15:30:02', '2011-05-13 15:30:02', 700, 3, 'read', NULL, 2),
(28230, '2011-05-13 15:30:02', '2011-05-13 15:30:02', 699, 3, 'read', NULL, 2),
(28229, '2011-05-13 15:30:02', '2011-05-13 15:30:02', 698, 3, 'read', NULL, 2),
(28228, '2011-05-13 15:30:02', '2011-05-13 15:30:02', 697, 3, 'read', NULL, 2),
(28225, '2011-05-13 14:48:52', '2011-05-13 14:48:52', NULL, 6, 'read', 5194, 1),
(28207, '2011-05-13 14:32:16', '2011-05-13 14:32:16', 709, 6, 'read', NULL, 2),
(28206, '2011-05-13 14:32:16', '2011-05-13 14:32:16', 708, 6, 'read', NULL, 2),
(28205, '2011-05-13 14:32:16', '2011-05-13 14:32:16', 707, 6, 'read', NULL, 2),
(28204, '2011-05-13 14:32:16', '2011-05-13 14:32:16', 706, 6, 'read', NULL, 2),
(28203, '2011-05-13 14:32:16', '2011-05-13 14:32:16', 705, 6, 'read', NULL, 2),
(28202, '2011-05-13 14:32:16', '2011-05-13 14:32:16', 704, 6, 'read', NULL, 2),
(28201, '2011-05-13 14:32:16', '2011-05-13 14:32:16', 703, 6, 'read', NULL, 2),
(28224, '2011-05-13 14:48:52', '2011-05-13 14:48:52', NULL, 6, 'edit', 5194, 1),
(28223, '2011-05-13 14:48:52', '2011-05-13 14:48:52', NULL, 6, 'admin', 5194, 1),
(28222, '2011-05-13 14:48:44', '2011-05-13 14:48:44', NULL, 5, 'read', 5194, 1),
(28190, '2011-05-13 14:29:30', '2011-05-13 14:29:30', 709, 5, 'read', NULL, 2),
(28189, '2011-05-13 14:29:30', '2011-05-13 14:29:30', 708, 5, 'read', NULL, 2),
(28188, '2011-05-13 14:29:29', '2011-05-13 14:29:29', 707, 5, 'read', NULL, 2),
(28187, '2011-05-13 14:29:29', '2011-05-13 14:29:29', 706, 5, 'read', NULL, 2),
(28186, '2011-05-13 14:29:29', '2011-05-13 14:29:29', 705, 5, 'read', NULL, 2),
(28185, '2011-05-13 14:29:29', '2011-05-13 14:29:29', 704, 5, 'read', NULL, 2),
(28184, '2011-05-13 14:29:29', '2011-05-13 14:29:29', 703, 5, 'read', NULL, 2),
(28221, '2011-05-13 14:48:44', '2011-05-13 14:48:44', NULL, 5, 'edit', 5194, 1),
(28220, '2011-05-13 14:48:44', '2011-05-13 14:48:44', NULL, 5, 'admin', 5194, 1),
(28219, '2011-05-13 14:48:33', '2011-05-13 14:48:33', NULL, 4, 'read', 5194, 1),
(28170, '2011-05-13 14:26:46', '2011-05-13 14:26:46', 709, 4, 'read', NULL, 2),
(28169, '2011-05-13 14:26:46', '2011-05-13 14:26:46', 708, 4, 'read', NULL, 2),
(28168, '2011-05-13 14:26:46', '2011-05-13 14:26:46', 707, 4, 'read', NULL, 2),
(28167, '2011-05-13 14:26:46', '2011-05-13 14:26:46', 706, 4, 'read', NULL, 2),
(28227, '2011-05-13 15:30:02', '2011-05-13 15:30:02', NULL, 3, 'edit', 5194, 1),
(28226, '2011-05-13 15:30:02', '2011-05-13 15:30:02', NULL, 3, 'admin', 5194, 1),
(28141, '2011-05-13 14:13:27', '2011-05-13 14:13:27', NULL, 2, 'edit', NULL, 1),
(28210, '2011-05-13 14:44:33', '2011-05-13 14:44:33', NULL, 2, 'read', 5194, 1),
(28138, '2011-05-13 14:11:27', '2011-05-13 14:11:27', 709, 2, 'read', NULL, 2),
(28137, '2011-05-13 14:11:27', '2011-05-13 14:11:27', 708, 2, 'read', NULL, 2),
(28136, '2011-05-13 14:11:27', '2011-05-13 14:11:27', 707, 2, 'read', NULL, 2),
(28135, '2011-05-13 14:11:27', '2011-05-13 14:11:27', 706, 2, 'read', NULL, 2),
(28134, '2011-05-13 14:11:27', '2011-05-13 14:11:27', 705, 2, 'read', NULL, 2),
(28133, '2011-05-13 14:11:27', '2011-05-13 14:11:27', 704, 2, 'read', NULL, 2),
(28209, '2011-05-13 14:44:33', '2011-05-13 14:44:33', NULL, 2, 'admin', 5194, 1),
(28176, '2011-05-13 14:29:29', '2011-05-13 14:29:29', 699, 5, 'admin', NULL, 2),
(28195, '2011-05-13 14:32:16', '2011-05-13 14:32:16', 700, 6, 'edit', NULL, 2),
(28193, '2011-05-13 14:32:16', '2011-05-13 14:32:16', 700, 6, 'admin', NULL, 2),
(28166, '2011-05-13 14:26:46', '2011-05-13 14:26:46', 705, 4, 'read', NULL, 2),
(28144, '2011-05-13 14:17:15', '2011-05-13 14:17:15', 698, 3, 'admin', NULL, 2),
(28132, '2011-05-13 14:11:27', '2011-05-13 14:11:27', 703, 2, 'read', NULL, 2),
(28126, '2011-05-13 14:11:27', '2011-05-13 14:11:27', 698, 2, 'admin', NULL, 2),
(28158, '2011-05-13 14:26:46', '2011-05-13 14:26:46', 698, 4, 'edit', NULL, 2),
(28156, '2011-05-13 14:26:46', '2011-05-13 14:26:46', 698, 4, 'admin', NULL, 2);

--
-- テーブルのデータをダンプしています `system_groups`
--

INSERT INTO `system_groups` (`id`, `parent_id`, `state`, `created_at`, `updated_at`, `level_no`, `version_id`, `code`, `name`, `name_en`, `email`, `start_at`, `end_at`, `sort_no`, `ldap_version`, `ldap`) VALUES
(1, 0, 'enabled', '2009-04-01 00:00:00', '2009-10-22 16:00:00', 1, 1, '1', 'root', '', '', '2009-04-01 00:00:00', NULL, 0, NULL, 0),
(726, 1, 'enabled', '2011-05-07 01:22:21', '2011-05-12 20:57:25', 2, 0, '019', '公民館', NULL, NULL, '2011-05-07 00:00:00', NULL, 320, '1305201424', 0),
(725, 1, 'enabled', '2011-05-07 01:22:21', '2011-05-12 20:57:25', 2, 0, '018', '住民センター', NULL, NULL, '2011-05-07 00:00:00', NULL, 310, '1305201424', 0),
(724, 1, 'enabled', '2011-05-07 01:22:21', '2011-05-12 20:57:25', 2, 0, '017', '消防本部', NULL, NULL, '2011-05-07 00:00:00', NULL, 300, '1305201424', 0),
(723, 1, 'enabled', '2011-05-07 01:22:21', '2011-05-12 20:57:25', 2, 0, '016', '公平委員会', NULL, NULL, '2011-05-07 00:00:00', NULL, 290, '1305201424', 0),
(722, 1, 'enabled', '2011-05-07 01:22:21', '2011-05-12 20:57:25', 2, 0, '015', '監査委員', NULL, NULL, '2011-05-07 00:00:00', NULL, 280, '1305201424', 0),
(721, 1, 'enabled', '2011-05-07 01:22:21', '2011-05-12 20:57:25', 2, 0, '014', '選挙管理委員会', NULL, NULL, '2011-05-07 00:00:00', NULL, 270, '1305201424', 0),
(720, 1, 'enabled', '2011-05-07 01:22:21', '2011-05-12 20:57:25', 2, 0, '013', '農業委員会', NULL, NULL, '2011-05-07 00:00:00', NULL, 260, '1305201424', 0),
(719, 1, 'enabled', '2011-05-07 01:22:21', '2011-05-12 20:57:25', 2, 0, '012', '議会', NULL, NULL, '2011-05-07 00:00:00', NULL, 250, '1305201424', 0),
(717, 1, 'enabled', '2011-05-07 01:22:21', '2011-05-12 20:57:25', 2, 0, '010', '水道部', NULL, NULL, '2011-05-07 00:00:00', NULL, 230, '1305201424', 0),
(716, 1, 'enabled', '2011-05-07 01:22:21', '2011-05-12 20:57:25', 2, 0, '009', '会計', NULL, NULL, '2011-05-07 00:00:00', NULL, 220, '1305201424', 0),
(715, 1, 'enabled', '2011-05-07 01:22:21', '2011-05-12 20:57:25', 2, 0, '008', '特定事業部', NULL, NULL, '2011-05-07 00:00:00', NULL, 210, '1305201424', 0),
(714, 1, 'enabled', '2011-05-07 01:22:21', '2011-05-12 20:57:25', 2, 0, '007', '建設部', NULL, NULL, '2011-05-07 00:00:00', NULL, 200, '1305201424', 0),
(713, 1, 'enabled', '2011-05-07 01:22:21', '2011-05-12 20:57:24', 2, 0, '006', '産業部', NULL, NULL, '2011-05-07 00:00:00', NULL, 190, '1305201424', 0),
(712, 1, 'enabled', '2011-05-07 01:22:21', '2011-05-12 20:57:24', 2, 0, '005', '保健福祉部', NULL, NULL, '2011-05-07 00:00:00', NULL, 180, '1305201424', 0),
(711, 1, 'enabled', '2011-05-07 01:22:21', '2011-05-12 20:57:24', 2, 0, '004', '環境管理部', NULL, NULL, '2011-05-07 00:00:00', NULL, 170, '1305201424', 0),
(710, 1, 'enabled', '2011-05-07 01:22:21', '2011-05-12 20:57:24', 2, 0, '003', '市民部', NULL, NULL, '2011-05-07 00:00:00', NULL, 160, '1305201424', 0),
(709, 702, 'enabled', '2011-05-07 01:22:21', '2011-05-12 20:57:24', 3, 0, '002007', '市民安全局', NULL, NULL, '2011-05-07 00:00:00', NULL, 150, '1305201424', 0),
(708, 702, 'enabled', '2011-05-07 01:22:21', '2011-05-12 20:57:24', 3, 0, '002006', '納税課', NULL, NULL, '2011-05-07 00:00:00', NULL, 140, '1305201424', 0),
(707, 702, 'enabled', '2011-05-07 01:22:21', '2011-05-12 20:57:24', 3, 0, '002005', '税務課', NULL, NULL, '2011-05-07 00:00:00', NULL, 130, '1305201424', 0),
(706, 702, 'enabled', '2011-05-07 01:22:21', '2011-05-12 20:57:24', 3, 0, '002004', '管財課', NULL, NULL, '2011-05-07 00:00:00', NULL, 120, '1305201424', 0),
(705, 702, 'enabled', '2011-05-07 01:22:21', '2011-05-12 20:57:24', 3, 0, '002003', '庁舎建設推進室', NULL, NULL, '2011-05-07 00:00:00', NULL, 110, '1305201424', 0),
(702, 1, 'enabled', '2011-05-07 01:22:21', '2011-05-12 20:57:24', 2, 0, '002', '総務部', NULL, NULL, '2011-05-07 00:00:00', NULL, 80, '1305201424', 0),
(701, 696, 'enabled', '2011-05-07 01:22:21', '2011-05-12 20:57:24', 3, 0, '001005', '行政情報室', NULL, NULL, '2011-05-07 00:00:00', NULL, 60, '1305201424', 0),
(700, 696, 'enabled', '2011-05-07 01:22:21', '2011-05-12 20:57:24', 3, 0, '001004', '企画政策課', NULL, NULL, '2011-05-07 00:00:00', NULL, 50, '1305201424', 0),
(699, 696, 'enabled', '2011-05-07 01:22:21', '2011-05-12 20:57:24', 3, 0, '001003', '人事課', NULL, NULL, '2011-05-07 00:00:00', NULL, 40, '1305201424', 0),
(698, 696, 'enabled', '2011-05-07 01:22:21', '2011-05-12 20:57:24', 3, 0, '001002', '秘書広報課', NULL, NULL, '2011-05-07 00:00:00', NULL, 30, '1305201424', 0),
(697, 696, 'enabled', '2011-05-07 01:22:21', '2011-05-12 20:57:24', 3, 0, '001001', '部長室', NULL, NULL, '2011-05-07 00:00:00', NULL, 20, '1305201424', 0),
(696, 1, 'enabled', '2011-05-07 01:22:21', '2011-05-12 20:57:24', 2, 0, '001', '企画部', NULL, NULL, '2011-05-07 00:00:00', NULL, 10, '1305201424', 0),
(718, 1, 'enabled', '2011-05-07 01:22:21', '2011-05-12 20:57:25', 2, 0, '011', '教育委員会', NULL, NULL, '2011-05-07 00:00:00', NULL, 240, '1305201424', 0),
(704, 702, 'enabled', '2011-05-07 01:22:21', '2011-05-12 20:57:24', 3, 0, '002002', '財政課', NULL, NULL, '2011-05-07 00:00:00', NULL, 100, '1305201424', 0),
(703, 702, 'enabled', '2011-05-07 01:22:21', '2011-05-12 20:57:24', 3, 0, '002001', '部長室', NULL, NULL, '2011-05-07 00:00:00', NULL, 90, '1305201424', 0);

--
-- テーブルのデータをダンプしています `system_group_changes`
--

INSERT INTO `system_group_changes` (`id`, `state`, `target_at`, `created_at`, `updated_at`) VALUES
(1, '1', NULL, '2011-04-18 15:12:56', '2011-04-18 15:12:56'),
(2, '2', NULL, '2011-04-18 15:13:57', '2011-04-18 17:44:56'),
(3, '3', NULL, '2011-04-19 11:05:40', '2011-04-21 13:04:16'),
(4, '5', NULL, '2011-04-19 11:08:02', '2011-04-21 13:04:45'),
(5, '6', NULL, '2011-04-30 13:20:43', '2011-04-30 13:20:43'),
(6, '7', '2011-05-01 00:00:00', '2011-04-30 13:21:27', '2011-04-30 13:21:27'),
(7, '9', NULL, '2011-04-30 13:21:48', '2011-04-30 15:56:26');

--
-- テーブルのデータをダンプしています `system_group_change_pickups`
--

INSERT INTO `system_group_change_pickups` (`id`, `target_at`, `created_at`, `updated_at`) VALUES
(1, '2010-03-31 00:00:00', '2010-01-05 14:41:47', '2010-01-23 17:23:13'),
(2, '2010-04-01 00:00:00', '2010-01-23 17:22:49', '2010-01-23 18:14:37'),
(3, '2010-04-01 00:00:00', '2010-01-23 20:39:37', '2010-03-10 09:14:33'),
(4, '2010-04-06 00:00:00', '2010-04-06 21:58:17', '2010-04-06 21:58:17'),
(5, '2010-04-07 00:00:00', '2010-04-07 02:45:33', '2010-04-07 02:45:33'),
(6, '2010-04-07 00:00:00', '2010-04-07 20:31:49', '2010-04-07 20:31:49'),
(7, '2011-03-22 00:00:00', '2011-03-22 17:41:55', '2011-03-22 17:41:55'),
(8, '2011-04-01 00:00:00', '2011-04-01 02:02:11', '2011-04-01 02:02:11'),
(9, '2011-05-01 00:00:00', '2011-04-19 11:08:02', '2011-04-19 11:08:02'),
(10, '2011-05-01 00:00:00', '2011-04-21 13:04:45', '2011-04-21 13:04:45');

--
-- テーブルのデータをダンプしています `system_group_histories`
--

INSERT INTO `system_group_histories` (`id`, `parent_id`, `state`, `created_at`, `updated_at`, `level_no`, `version_id`, `code`, `name`, `name_en`, `email`, `start_at`, `end_at`, `sort_no`, `ldap_version`, `ldap`) VALUES
(1, 0, 'enabled', '2009-04-01 00:00:00', '2009-10-22 16:00:00', 1, 1, '1', 'root', '', '', '2009-04-01 00:00:00', NULL, 0, NULL, 0),
(726, 1, 'enabled', '2011-05-07 01:22:21', '2011-05-12 20:57:25', 2, 0, '019', '公民館', NULL, NULL, '2011-05-07 00:00:00', NULL, 320, '1305201424', 0),
(725, 1, 'enabled', '2011-05-07 01:22:21', '2011-05-12 20:57:25', 2, 0, '018', '住民センター', NULL, NULL, '2011-05-07 00:00:00', NULL, 310, '1305201424', 0),
(724, 1, 'enabled', '2011-05-07 01:22:21', '2011-05-12 20:57:25', 2, 0, '017', '消防本部', NULL, NULL, '2011-05-07 00:00:00', NULL, 300, '1305201424', 0),
(723, 1, 'enabled', '2011-05-07 01:22:21', '2011-05-12 20:57:25', 2, 0, '016', '公平委員会', NULL, NULL, '2011-05-07 00:00:00', NULL, 290, '1305201424', 0),
(722, 1, 'enabled', '2011-05-07 01:22:21', '2011-05-12 20:57:25', 2, 0, '015', '監査委員', NULL, NULL, '2011-05-07 00:00:00', NULL, 280, '1305201424', 0),
(721, 1, 'enabled', '2011-05-07 01:22:21', '2011-05-12 20:57:25', 2, 0, '014', '選挙管理委員会', NULL, NULL, '2011-05-07 00:00:00', NULL, 270, '1305201424', 0),
(720, 1, 'enabled', '2011-05-07 01:22:21', '2011-05-12 20:57:25', 2, 0, '013', '農業委員会', NULL, NULL, '2011-05-07 00:00:00', NULL, 260, '1305201424', 0),
(719, 1, 'enabled', '2011-05-07 01:22:21', '2011-05-12 20:57:25', 2, 0, '012', '議会', NULL, NULL, '2011-05-07 00:00:00', NULL, 250, '1305201424', 0),
(717, 1, 'enabled', '2011-05-07 01:22:21', '2011-05-12 20:57:25', 2, 0, '010', '水道部', NULL, NULL, '2011-05-07 00:00:00', NULL, 230, '1305201424', 0),
(716, 1, 'enabled', '2011-05-07 01:22:21', '2011-05-12 20:57:25', 2, 0, '009', '会計', NULL, NULL, '2011-05-07 00:00:00', NULL, 220, '1305201424', 0),
(715, 1, 'enabled', '2011-05-07 01:22:21', '2011-05-12 20:57:25', 2, 0, '008', '特定事業部', NULL, NULL, '2011-05-07 00:00:00', NULL, 210, '1305201424', 0),
(714, 1, 'enabled', '2011-05-07 01:22:21', '2011-05-12 20:57:25', 2, 0, '007', '建設部', NULL, NULL, '2011-05-07 00:00:00', NULL, 200, '1305201424', 0),
(713, 1, 'enabled', '2011-05-07 01:22:21', '2011-05-12 20:57:24', 2, 0, '006', '産業部', NULL, NULL, '2011-05-07 00:00:00', NULL, 190, '1305201424', 0),
(712, 1, 'enabled', '2011-05-07 01:22:21', '2011-05-12 20:57:24', 2, 0, '005', '保健福祉部', NULL, NULL, '2011-05-07 00:00:00', NULL, 180, '1305201424', 0),
(711, 1, 'enabled', '2011-05-07 01:22:21', '2011-05-12 20:57:24', 2, 0, '004', '環境管理部', NULL, NULL, '2011-05-07 00:00:00', NULL, 170, '1305201424', 0),
(710, 1, 'enabled', '2011-05-07 01:22:21', '2011-05-12 20:57:24', 2, 0, '003', '市民部', NULL, NULL, '2011-05-07 00:00:00', NULL, 160, '1305201424', 0),
(709, 702, 'enabled', '2011-05-07 01:22:21', '2011-05-12 20:57:24', 3, 0, '002007', '市民安全局', NULL, NULL, '2011-05-07 00:00:00', NULL, 150, '1305201424', 0),
(708, 702, 'enabled', '2011-05-07 01:22:21', '2011-05-12 20:57:24', 3, 0, '002006', '納税課', NULL, NULL, '2011-05-07 00:00:00', NULL, 140, '1305201424', 0),
(707, 702, 'enabled', '2011-05-07 01:22:21', '2011-05-12 20:57:24', 3, 0, '002005', '税務課', NULL, NULL, '2011-05-07 00:00:00', NULL, 130, '1305201424', 0),
(706, 702, 'enabled', '2011-05-07 01:22:21', '2011-05-12 20:57:24', 3, 0, '002004', '管財課', NULL, NULL, '2011-05-07 00:00:00', NULL, 120, '1305201424', 0),
(705, 702, 'enabled', '2011-05-07 01:22:21', '2011-05-12 20:57:24', 3, 0, '002003', '庁舎建設推進室', NULL, NULL, '2011-05-07 00:00:00', NULL, 110, '1305201424', 0),
(702, 1, 'enabled', '2011-05-07 01:22:21', '2011-05-12 20:57:24', 2, 0, '002', '総務部', NULL, NULL, '2011-05-07 00:00:00', NULL, 80, '1305201424', 0),
(701, 696, 'enabled', '2011-05-07 01:22:21', '2011-05-12 20:57:24', 3, 0, '001005', '行政情報室', NULL, NULL, '2011-05-07 00:00:00', NULL, 60, '1305201424', 0),
(700, 696, 'enabled', '2011-05-07 01:22:21', '2011-05-12 20:57:24', 3, 0, '001004', '企画政策課', NULL, NULL, '2011-05-07 00:00:00', NULL, 50, '1305201424', 0),
(699, 696, 'enabled', '2011-05-07 01:22:21', '2011-05-12 20:57:24', 3, 0, '001003', '人事課', NULL, NULL, '2011-05-07 00:00:00', NULL, 40, '1305201424', 0),
(698, 696, 'enabled', '2011-05-07 01:22:21', '2011-05-12 20:57:24', 3, 0, '001002', '秘書広報課', NULL, NULL, '2011-05-07 00:00:00', NULL, 30, '1305201424', 0),
(697, 696, 'enabled', '2011-05-07 01:22:21', '2011-05-12 20:57:24', 3, 0, '001001', '部長室', NULL, NULL, '2011-05-07 00:00:00', NULL, 20, '1305201424', 0),
(696, 1, 'enabled', '2011-05-07 01:22:21', '2011-05-12 20:57:24', 2, 0, '001', '企画部', NULL, NULL, '2011-05-07 00:00:00', NULL, 10, '1305201424', 0),
(718, 1, 'enabled', '2011-05-07 01:22:21', '2011-05-12 20:57:25', 2, 0, '011', '教育委員会', NULL, NULL, '2011-05-07 00:00:00', NULL, 240, '1305201424', 0),
(704, 702, 'enabled', '2011-05-07 01:22:21', '2011-05-12 20:57:24', 3, 0, '002002', '財政課', NULL, NULL, '2011-05-07 00:00:00', NULL, 100, '1305201424', 0),
(703, 702, 'enabled', '2011-05-07 01:22:21', '2011-05-12 20:57:24', 3, 0, '002001', '部長室', NULL, NULL, '2011-05-07 00:00:00', NULL, 90, '1305201424', 0);


--
-- テーブルのデータをダンプしています `system_group_history_temporaries`
--


--
-- テーブルのデータをダンプしています `system_group_nexts`
--


--
-- テーブルのデータをダンプしています `system_group_temporaries`
--


--
-- テーブルのデータをダンプしています `system_group_updates`
--


--
-- テーブルのデータをダンプしています `system_group_versions`
--


--
-- テーブルのデータをダンプしています `system_idconversions`
--


--
-- テーブルのデータをダンプしています `system_inquiries`
--

INSERT INTO `system_inquiries` (`id`, `unid`, `state`, `created_at`, `updated_at`, `user_id`, `group_id`, `charge`, `tel`, `fax`, `email`) VALUES
(18, 169, 'visible', '2009-03-17 21:14:17', '2009-07-03 14:11:23', NULL, 210, 'admin', '', '', 'admin@127.0.0.1'),
(19, 170, 'visible', '2009-03-17 22:09:30', '2009-07-03 14:11:23', NULL, 210, 'admin', '', '', 'admin@127.0.0.1'),
(20, 171, 'visible', '2009-03-17 22:10:37', '2009-07-03 14:11:23', NULL, 210, 'admin', '', '', 'admin@127.0.0.1'),
(21, 172, 'visible', '2009-03-17 22:10:49', '2009-07-03 14:11:23', NULL, 210, 'admin', '', '', 'admin@127.0.0.1'),
(22, 173, 'visible', '2009-03-17 22:12:26', '2009-07-03 14:11:23', NULL, 210, 'admin', '', '', 'admin@127.0.0.1'),
(23, 181, 'visible', '2009-03-18 00:10:07', '2009-07-03 14:11:23', NULL, 210, 'admin', '', '', 'admin@127.0.0.1'),
(24, 180, 'visible', '2009-03-18 00:10:55', '2009-07-03 14:11:23', NULL, 210, 'admin', '', '', 'admin@127.0.0.1'),
(25, 184, 'visible', '2009-03-18 03:58:32', '2009-07-03 14:11:23', NULL, 210, 'admin', '', '', 'admin@127.0.0.1'),
(148, 424, 'visible', '2009-04-07 11:05:15', '2009-07-03 14:11:23', NULL, 210, 'admin', '', '', 'admin@127.0.0.1'),
(27, 187, 'visible', '2009-03-18 04:24:38', '2009-07-03 14:11:23', NULL, 210, 'admin', '', '', 'admin@127.0.0.1'),
(28, 190, 'visible', '2009-03-19 23:09:37', '2009-07-03 14:11:23', NULL, 210, 'admin', '', '', 'admin@127.0.0.1'),
(29, 193, 'visible', '2009-03-19 23:10:46', '2009-07-03 14:11:23', NULL, 210, 'admin', '', '', 'admin@127.0.0.1'),
(30, 194, 'visible', '2009-03-20 01:35:37', '2009-07-03 14:11:23', NULL, 210, 'admin', '', '', 'admin@127.0.0.1'),
(31, 195, 'visible', '2009-03-19 16:36:18', '2009-07-03 14:11:23', NULL, 210, 'admin', '', '', 'admin@127.0.0.1'),
(34, 198, 'visible', '2009-03-20 01:40:33', '2009-07-03 14:11:23', NULL, 210, 'admin', '', '', 'admin@127.0.0.1'),
(35, 199, 'visible', '2009-03-20 01:43:01', '2009-07-03 14:11:23', NULL, 210, 'admin', '', '', 'admin@127.0.0.1'),
(36, 200, 'visible', '2009-03-20 02:57:39', '2009-07-03 14:11:23', NULL, 210, 'admin', '', '', 'admin@127.0.0.1'),
(37, 201, 'visible', '2009-03-20 02:59:41', '2009-07-03 14:11:23', NULL, 210, 'admin', '', '', 'admin@127.0.0.1'),
(38, 204, 'visible', '2009-03-20 03:17:51', '2009-07-03 14:11:23', NULL, 210, 'admin', '', '', 'admin@127.0.0.1'),
(47, 228, 'visible', '2009-03-26 11:12:21', '2009-07-03 14:11:23', NULL, 210, 'admin', '', '', 'admin@127.0.0.1'),
(48, 229, 'visible', '2009-03-26 11:14:04', '2009-07-03 14:11:23', NULL, 210, 'admin', '', '', 'admin@127.0.0.1'),
(46, 227, 'visible', '2009-03-26 11:08:17', '2009-07-03 14:11:23', NULL, 210, 'admin', '', '', 'admin@127.0.0.1'),
(45, 226, 'visible', '2009-03-26 10:46:58', '2009-07-03 14:11:23', NULL, 210, 'admin', '', '', 'admin@127.0.0.1'),
(49, 230, 'visible', '2009-03-26 11:21:43', '2009-07-03 14:11:23', NULL, 210, 'admin', '', '', 'admin@127.0.0.1'),
(50, 231, 'visible', '2009-03-26 11:30:55', '2009-07-03 14:11:23', NULL, 210, 'admin', '', '', 'admin@127.0.0.1'),
(53, 234, 'visible', '2009-03-26 18:27:18', '2009-07-03 14:11:23', NULL, 210, 'admin', '', '', 'admin@127.0.0.1'),
(70, 273, 'visible', '2009-04-01 15:43:33', '2009-07-03 14:11:23', NULL, 210, 'admin', '', '', 'admin@127.0.0.1'),
(58, 252, 'visible', '2009-03-30 12:54:45', '2009-07-03 14:11:23', NULL, 210, 'admin', '', '', 'admin@127.0.0.1'),
(59, 253, 'visible', '2009-03-30 13:04:42', '2009-07-03 14:11:23', NULL, 210, 'admin', '', '', 'admin@127.0.0.1'),
(69, 272, 'visible', '2009-04-01 14:58:58', '2009-07-03 14:11:23', NULL, 210, 'admin', '', '', 'admin@127.0.0.1'),
(149, 425, 'visible', '2009-04-07 11:43:59', '2009-07-03 14:11:23', NULL, 210, 'admin', '', '', 'admin@127.0.0.1'),
(64, 259, 'visible', '2009-03-31 15:36:38', '2009-07-03 14:11:23', NULL, 210, 'admin', '', '', 'admin@127.0.0.1'),
(65, 260, 'visible', '2009-03-31 15:45:36', '2009-07-03 14:11:23', NULL, 210, 'admin', '', '', 'admin@127.0.0.1'),
(66, 261, 'visible', '2009-03-31 15:52:52', '2009-07-03 14:11:23', NULL, 210, 'admin', '', '', 'admin@127.0.0.1'),
(67, 262, 'visible', '2009-03-31 15:58:22', '2009-07-03 14:11:23', NULL, 210, 'admin', '', '', 'admin@127.0.0.1'),
(68, 263, 'visible', '2009-03-31 16:12:57', '2009-07-03 14:11:23', NULL, 210, 'admin', '', '', 'admin@127.0.0.1'),
(71, 274, 'visible', '2009-04-01 15:45:40', '2009-07-03 14:11:23', NULL, 210, 'admin', '', '', 'admin@127.0.0.1'),
(72, 275, 'visible', '2009-04-01 15:52:07', '2009-07-03 14:11:23', NULL, 210, 'admin', '', '', 'admin@127.0.0.1'),
(73, 276, 'visible', '2009-04-01 15:53:59', '2009-07-03 14:11:23', NULL, 210, 'admin', '', '', 'admin@127.0.0.1'),
(74, 277, 'visible', '2009-04-01 15:56:11', '2009-07-03 14:11:23', NULL, 210, 'admin', '', '', 'admin@127.0.0.1'),
(75, 278, 'visible', '2009-04-01 15:58:34', '2009-07-03 14:11:23', NULL, 210, 'admin', '', '', 'admin@127.0.0.1'),
(76, 279, 'visible', '2009-04-01 16:00:45', '2009-07-03 14:11:23', NULL, 210, 'admin', '', '', 'admin@127.0.0.1'),
(77, 280, 'visible', '2009-04-01 16:05:28', '2009-07-03 14:11:23', NULL, 210, 'admin', '', '', 'admin@127.0.0.1'),
(78, 281, 'visible', '2009-04-01 16:07:04', '2009-07-03 14:11:23', NULL, 210, 'admin', '', '', 'admin@127.0.0.1'),
(79, 282, 'visible', '2009-04-01 16:09:01', '2009-07-03 14:11:23', NULL, 210, 'admin', '', '', 'admin@127.0.0.1'),
(80, 283, 'visible', '2009-04-01 16:12:11', '2009-07-03 14:11:23', NULL, 210, 'admin', '', '', 'admin@127.0.0.1'),
(81, 284, 'visible', '2009-04-01 16:13:56', '2009-07-03 14:11:23', NULL, 210, 'admin', '', '', 'admin@127.0.0.1'),
(82, 285, 'visible', '2009-04-01 16:15:52', '2009-07-03 14:11:23', NULL, 210, 'admin', '', '', 'admin@127.0.0.1'),
(83, 286, 'visible', '2009-04-01 16:20:15', '2009-07-03 14:11:23', NULL, 210, 'admin', '', '', 'admin@127.0.0.1'),
(84, 287, 'visible', '2009-04-01 16:22:17', '2009-07-03 14:11:23', NULL, 210, 'admin', '', '', 'admin@127.0.0.1'),
(85, 288, 'visible', '2009-04-01 16:24:28', '2009-07-03 14:11:23', NULL, 210, 'admin', '', '', 'admin@127.0.0.1'),
(86, 289, 'visible', '2009-04-01 16:26:20', '2009-07-03 14:11:23', NULL, 210, 'admin', '', '', 'admin@127.0.0.1'),
(87, 290, 'visible', '2009-04-01 16:28:33', '2009-07-03 14:11:23', NULL, 210, 'admin', '', '', 'admin@127.0.0.1'),
(88, 291, 'visible', '2009-04-01 16:30:15', '2009-07-03 14:11:23', NULL, 210, 'admin', '', '', 'admin@127.0.0.1'),
(89, 292, 'visible', '2009-04-01 16:32:08', '2009-07-03 14:11:23', NULL, 210, 'admin', '', '', 'admin@127.0.0.1'),
(90, 293, 'visible', '2009-04-01 16:44:23', '2009-07-03 14:11:23', NULL, 210, 'admin', '', '', 'admin@127.0.0.1'),
(91, 294, 'visible', '2009-04-01 16:46:21', '2009-07-03 14:11:23', NULL, 210, 'admin', '', '', 'admin@127.0.0.1'),
(92, 295, 'visible', '2009-04-01 16:48:33', '2009-07-03 14:11:23', NULL, 210, 'admin', '', '', 'admin@127.0.0.1'),
(93, 296, 'visible', '2009-04-01 16:50:49', '2009-07-03 14:11:23', NULL, 210, 'admin', '', '', 'admin@127.0.0.1'),
(94, 297, 'visible', '2009-04-01 16:52:44', '2009-07-03 14:11:23', NULL, 210, 'admin', '', '', 'admin@127.0.0.1'),
(95, 298, 'visible', '2009-04-01 16:54:43', '2009-07-03 14:11:23', NULL, 210, 'admin', '', '', 'admin@127.0.0.1'),
(96, 299, 'visible', '2009-04-01 16:56:47', '2009-07-03 14:11:23', NULL, 210, 'admin', '', '', 'admin@127.0.0.1'),
(97, 300, 'visible', '2009-04-01 16:58:41', '2009-07-03 14:11:23', NULL, 210, 'admin', '', '', 'admin@127.0.0.1'),
(98, 301, 'visible', '2009-04-01 17:00:33', '2009-07-03 14:11:23', NULL, 210, 'admin', '', '', 'admin@127.0.0.1'),
(114, 357, 'visible', '2009-04-02 16:59:29', '2009-07-03 14:11:23', NULL, 210, 'admin', '', '', 'admin@127.0.0.1'),
(213, 543, 'visible', '2009-04-08 14:23:08', '2009-07-03 14:11:23', NULL, 210, 'admin', '', '', 'admin@127.0.0.1'),
(117, 367, 'visible', '2009-04-06 16:46:18', '2009-07-03 14:11:23', NULL, 210, 'admin', '', '', 'admin@127.0.0.1'),
(119, 369, 'visible', '2009-04-06 16:59:53', '2009-07-03 14:11:23', NULL, 210, 'admin', '', '', 'admin@127.0.0.1'),
(118, 368, 'visible', '2009-04-06 16:46:44', '2009-07-03 14:11:23', NULL, 210, 'admin', '', '', 'admin@127.0.0.1'),
(218, 557, 'visible', '2009-04-08 15:03:30', '2009-07-03 14:11:23', NULL, 141, 'admin', '', '', 'admin@127.0.0.1'),
(215, 550, 'visible', '2009-04-08 14:24:25', '2009-07-03 14:11:23', NULL, 177, 'admin', '', '', 'admin@127.0.0.1'),
(122, 380, 'visible', '2009-04-06 17:12:15', '2009-07-03 14:11:23', NULL, 210, 'admin', '', '', 'admin@127.0.0.1'),
(123, 381, 'visible', '2009-04-06 17:12:59', '2009-07-03 14:11:23', NULL, 210, 'admin', '', '', 'admin@127.0.0.1'),
(124, 382, 'visible', '2009-04-06 17:13:36', '2009-07-03 14:11:23', NULL, 210, 'admin', '', '', 'admin@127.0.0.1'),
(212, 541, 'visible', '2009-04-08 14:11:33', '2009-07-03 14:11:23', NULL, 177, 'admin', '', '', 'admin@127.0.0.1'),
(131, 399, 'visible', '2009-04-07 10:26:37', '2009-07-03 14:11:23', NULL, 210, 'admin', '', '', 'admin@127.0.0.1'),
(128, 396, 'visible', '2009-04-07 05:09:27', '2009-07-03 14:11:23', NULL, 210, 'admin', '', '', 'admin@127.0.0.1'),
(129, 397, 'visible', '2009-04-07 09:43:38', '2009-07-03 14:11:23', NULL, 210, 'admin', '', '', 'admin@127.0.0.1'),
(130, 398, 'visible', '2009-04-07 09:55:22', '2009-07-03 14:11:23', NULL, 210, 'admin', '', '', 'admin@127.0.0.1'),
(132, 401, 'visible', '2009-04-07 10:27:02', '2009-07-03 14:11:23', NULL, 210, 'admin', '', '', 'admin@127.0.0.1'),
(133, 403, 'visible', '2009-04-07 10:27:59', '2009-07-03 14:11:23', NULL, 210, 'admin', '', '', 'admin@127.0.0.1'),
(135, 406, 'visible', '2009-04-07 10:29:04', '2009-07-03 14:11:23', NULL, 210, 'admin', '', '', 'admin@127.0.0.1'),
(138, 411, 'visible', '2009-04-07 10:35:11', '2009-07-03 14:11:23', NULL, 210, 'admin', '', '', 'admin@127.0.0.1'),
(143, 416, 'visible', '2009-04-07 10:47:28', '2009-07-03 14:11:23', NULL, 210, 'admin', '', '', 'admin@127.0.0.1'),
(171, 467, 'visible', '2009-04-07 17:08:32', '2009-07-03 14:11:23', NULL, 210, 'admin', '', '', 'admin@127.0.0.1'),
(187, 500, 'visible', '2009-04-08 10:41:39', '2009-07-03 14:11:23', NULL, 152, 'admin', '', '', 'admin@127.0.0.1'),
(142, 415, 'visible', '2009-04-07 10:41:16', '2009-07-03 14:11:23', NULL, 210, 'admin', '', '', 'admin@127.0.0.1'),
(147, 423, 'visible', '2009-04-07 10:58:06', '2009-07-03 14:11:23', NULL, 210, 'admin', '', '', 'admin@127.0.0.1'),
(146, 421, 'visible', '2009-04-07 10:53:52', '2009-07-03 14:11:23', NULL, 210, 'admin', '', '', 'admin@127.0.0.1'),
(216, 551, 'visible', '2009-04-08 14:43:10', '2009-07-03 14:11:23', NULL, 210, 'admin', '', '', 'admin@127.0.0.1'),
(186, 499, 'visible', '2009-04-08 10:37:16', '2009-07-03 14:11:23', NULL, 150, 'admin', '', '', 'admin@127.0.0.1'),
(217, 552, 'visible', '2009-04-08 14:52:15', '2009-07-03 14:11:23', NULL, 141, 'admin', '', '', 'admin@127.0.0.1'),
(163, 449, 'visible', '2009-04-07 16:26:30', '2009-07-03 14:11:23', NULL, 210, 'admin', '', '', 'admin@127.0.0.1'),
(184, 497, 'visible', '2009-04-08 10:11:46', '2009-07-03 14:11:23', NULL, 210, 'admin', '', '', 'admin@127.0.0.1'),
(165, 451, 'visible', '2009-04-07 16:27:44', '2009-07-03 14:11:23', NULL, 210, 'admin', '', '', 'admin@127.0.0.1'),
(168, 454, 'visible', '2009-04-07 16:42:11', '2009-07-03 14:11:23', NULL, 210, 'admin', '', '', 'admin@127.0.0.1'),
(167, 453, 'visible', '2009-04-07 16:39:33', '2009-07-03 14:11:23', NULL, 200, 'admin', '', '', 'admin@127.0.0.1'),
(169, 455, 'visible', '2009-04-07 16:48:36', '2009-07-03 14:11:23', NULL, 210, 'admin', '', '', 'admin@127.0.0.1'),
(220, 563, 'visible', '2009-04-08 15:13:44', '2009-07-03 14:11:23', NULL, 210, 'admin', '', '', 'admin@127.0.0.1'),
(181, 494, 'visible', '2009-04-08 09:25:41', '2009-07-03 14:11:23', NULL, 182, 'admin', '', '', 'admin@127.0.0.1'),
(183, 496, 'visible', '2009-04-08 10:07:19', '2009-07-03 14:11:23', NULL, 179, 'admin', '', '', 'admin@127.0.0.1'),
(185, 498, 'visible', '2009-04-08 10:31:39', '2009-07-03 14:11:23', NULL, 150, 'admin', '', '', 'admin@127.0.0.1'),
(188, 501, 'visible', '2009-04-08 10:46:50', '2009-07-03 14:11:23', NULL, 150, 'admin', '', '', 'admin@127.0.0.1'),
(189, 502, 'visible', '2009-04-08 10:49:09', '2009-07-03 14:11:23', NULL, 178, 'admin', '', '', 'admin@127.0.0.1'),
(191, 504, 'visible', '2009-04-08 10:51:15', '2009-07-03 14:11:23', NULL, 150, 'admin', '', '', 'admin@127.0.0.1'),
(192, 505, 'visible', '2009-04-08 10:55:57', '2009-07-03 14:11:23', NULL, 150, 'admin', '', '', 'admin@127.0.0.1'),
(193, 506, 'visible', '2009-04-08 10:58:24', '2009-07-03 14:11:23', NULL, 150, 'admin', '', '', 'admin@127.0.0.1'),
(194, 507, 'visible', '2009-04-08 11:13:31', '2009-07-03 14:11:23', NULL, 150, 'admin', '', '', 'admin@127.0.0.1'),
(195, 508, 'visible', '2009-04-08 11:18:44', '2009-07-03 14:11:23', NULL, 150, 'admin', '', '', 'admin@127.0.0.1'),
(196, 509, 'visible', '2009-04-08 11:20:02', '2009-07-03 14:11:23', NULL, 179, 'admin', '', '', 'admin@127.0.0.1'),
(197, 510, 'visible', '2009-04-08 11:21:32', '2009-07-03 14:11:23', NULL, 150, 'admin', '', '', 'admin@127.0.0.1'),
(198, 511, 'visible', '2009-04-08 11:25:39', '2009-07-03 14:11:23', NULL, 147, 'admin', '', '', 'admin@127.0.0.1'),
(199, 512, 'visible', '2009-04-08 11:28:09', '2009-07-03 14:11:23', NULL, 147, 'admin', '', '', 'admin@127.0.0.1'),
(200, 513, 'visible', '2009-04-08 11:29:44', '2009-07-03 14:11:23', NULL, 141, 'admin', '', '', 'admin@127.0.0.1'),
(201, 516, 'visible', '2009-04-08 11:33:11', '2009-07-03 14:11:23', NULL, 147, 'admin', '', '', 'admin@127.0.0.1'),
(202, 517, 'visible', '2009-04-08 11:35:56', '2009-07-03 14:11:23', NULL, 179, 'admin', '', '', 'admin@127.0.0.1'),
(203, 518, 'visible', '2009-04-08 11:36:39', '2009-07-03 14:11:23', NULL, 147, 'admin', '', '', 'admin@127.0.0.1'),
(204, 519, 'visible', '2009-04-08 11:39:18', '2009-07-03 14:11:23', NULL, 147, 'admin', '', '', 'admin@127.0.0.1'),
(205, 520, 'visible', '2009-04-08 11:41:53', '2009-07-03 14:11:23', NULL, 147, 'admin', '', '', 'admin@127.0.0.1'),
(206, 521, 'visible', '2009-04-08 11:46:00', '2009-07-03 14:11:23', NULL, 141, 'admin', '', '', 'admin@127.0.0.1'),
(207, 534, 'visible', '2009-04-08 12:06:54', '2009-07-03 14:11:23', NULL, 210, 'admin', '', '', 'admin@127.0.0.1'),
(208, 535, 'visible', '2009-04-08 13:16:04', '2009-07-03 14:11:23', NULL, 178, 'admin', '', '', 'admin@127.0.0.1'),
(219, 562, 'visible', '2009-04-08 15:07:33', '2009-07-03 14:11:23', NULL, 178, 'admin', '', '', 'admin@127.0.0.1'),
(221, 564, 'visible', '2009-04-08 15:18:17', '2009-07-03 14:11:23', NULL, 210, 'admin', '', '', 'admin@127.0.0.1'),
(234, 607, 'visible', '2009-04-08 17:21:40', '2009-07-03 14:11:23', NULL, 179, 'admin', '', '', 'admin@127.0.0.1'),
(223, 566, 'visible', '2009-04-08 15:47:10', '2009-07-03 14:11:23', NULL, 189, 'admin', '', '', 'admin@127.0.0.1'),
(224, 580, 'visible', '2009-04-08 16:00:03', '2009-07-03 14:11:23', NULL, 207, 'admin', '', '', 'admin@127.0.0.1'),
(225, 581, 'visible', '2009-04-08 16:04:27', '2009-07-03 14:11:23', NULL, 189, 'admin', '', '', 'admin@127.0.0.1'),
(226, 582, 'visible', '2009-04-08 16:09:42', '2009-07-03 14:11:23', NULL, 189, 'admin', '', '', 'admin@127.0.0.1'),
(227, 583, 'visible', '2009-04-08 16:22:52', '2009-07-03 14:11:23', NULL, 163, 'admin', '', '', 'admin@127.0.0.1'),
(228, 587, 'visible', '2009-04-08 16:29:09', '2009-07-03 14:11:23', NULL, 189, 'admin', '', '', 'admin@127.0.0.1'),
(229, 590, 'visible', '2009-04-08 16:33:32', '2009-07-03 14:11:23', NULL, 189, 'admin', '', '', 'admin@127.0.0.1'),
(230, 593, 'visible', '2009-04-08 16:39:41', '2009-07-03 14:11:23', NULL, 163, 'admin', '', '', 'admin@127.0.0.1'),
(231, 596, 'visible', '2009-04-08 16:45:42', '2009-07-03 14:11:23', NULL, 163, 'admin', '', '', 'admin@127.0.0.1'),
(232, 599, 'visible', '2009-04-08 16:49:07', '2009-07-03 14:11:23', NULL, 163, 'admin', '', '', 'admin@127.0.0.1'),
(233, 602, 'visible', '2009-04-08 17:00:28', '2009-07-03 14:11:23', NULL, 163, 'admin', '', '', 'admin@127.0.0.1'),
(257, 709, 'visible', '2009-04-22 12:57:10', '2009-07-03 14:11:23', NULL, 210, 'admin', '', '', 'admin@127.0.0.1'),
(261, 717, 'visible', '2009-04-22 13:20:55', '2009-07-03 14:11:23', NULL, 210, 'admin', '', '', 'admin@127.0.0.1'),
(267, 745, 'visible', '2009-06-04 16:48:12', '2011-05-21 19:53:40', NULL, 698, 'admin', '', '', 'admin@127.0.0.1');

--
-- テーブルのデータをダンプしています `system_languages`
--

INSERT INTO `system_languages` (`id`, `state`, `created_at`, `updated_at`, `sort_no`, `name`, `title`) VALUES
(1, 'enabled', '2008-01-01 00:00:00', '2008-01-01 00:00:00', 1, 'japanese', '日本語'),
(2, 'enabled', '2008-01-01 00:00:00', '2008-01-01 00:00:00', 2, 'english', '英語'),
(3, 'enabled', '2008-01-01 00:00:00', '2008-01-01 00:00:00', 3, 'chinese', '中国語'),
(4, 'enabled', '2008-01-01 00:00:00', '2008-01-01 00:00:00', 4, 'korean', '韓国語'),
(5, 'enabled', '2008-01-01 00:00:00', '2008-01-01 00:00:00', 5, 'German', 'ドイツ語');

--
-- テーブルのデータをダンプしています `system_ldap_temporaries`
--


--
-- テーブルのデータをダンプしています `system_login_logs`
--

INSERT INTO `system_login_logs` (`id`, `user_id`, `created_at`, `updated_at`) VALUES
(202, 5194, '2012-05-22 20:30:02', '2012-05-22 20:30:02');

--
-- テーブルのデータをダンプしています `system_maps`
--


--
-- テーブルのデータをダンプしています `system_priv_names`
--

INSERT INTO `system_priv_names` (`id`, `unid`, `state`, `content_id`, `created_at`, `updated_at`, `display_name`, `priv_name`, `sort_no`) VALUES
(1, NULL, 'public', NULL, '2010-08-02 17:50:15', '2010-08-03 10:39:55', '管理者', 'admin', 0),
(2, NULL, 'closed', NULL, '2010-08-02 17:59:07', '2010-08-17 20:52:42', '開発者', 'developer', 2),
(8, NULL, 'public', NULL, '2010-08-04 10:03:32', '2010-08-04 10:03:32', '全庁予定登録者', 'schedule_pref_admin', 2),
(9, NULL, 'public', NULL, '2010-09-13 11:04:24', '2010-09-13 13:06:06', 'CSV出力', 'csv_put_user', 20),
(10, NULL, 'public', NULL, '2010-09-29 13:49:24', '2010-09-29 13:49:24', '編集者', 'editor', 30),
(11, NULL, 'public', NULL, '2011-01-27 09:50:22', '2011-01-27 09:50:22', '承認者', 'recognizer', 40);

--
-- テーブルのデータをダンプしています `system_public_logs`
--

INSERT INTO `system_public_logs` (`id`, `created_at`, `user_id`, `item_unid`, `controller`, `action`) VALUES
(1, '2011-05-21 22:17:51', 5194, NULL, 'System::Public::RolesController', 'destroy'),
(2, '2011-05-21 22:19:47', 5194, NULL, 'System::Public::RoleDevelopersController', 'destroy');

--
-- テーブルのデータをダンプしています `system_publishers`
--


--
-- テーブルのデータをダンプしています `system_recognitions`
--


--
-- テーブルのデータをダンプしています `system_recognizers`
--


--
-- テーブルのデータをダンプしています `system_roles`
--

INSERT INTO `system_roles` (`id`, `table_name`, `priv_name`, `idx`, `class_id`, `uid`, `priv`, `created_at`, `updated_at`, `role_name_id`, `priv_user_id`, `group_id`) VALUES
(1,'_admin','admin',1,1,'5194',1,'2011-05-07 01:56:58','2011-05-07 21:41:30',21,1,698),
(13,'_admin','developer',1,1,'5194',1,'2011-05-21 22:24:07','2011-05-21 22:24:07',21,2,698),
(3,'doclibrary','admin',1,1,'5194',1,'2011-05-11 18:41:01','2011-05-11 18:41:01',4,1,698),
(4,'digitallibrary','admin',1,1,'5194',1,'2011-05-11 20:14:03','2011-05-11 20:14:03',3,1,698),
(5,'gwfaq','admin',1,1,'5194',1,'2011-05-11 21:04:37','2011-05-11 21:04:37',8,1,698),
(6,'gwmonitor','admin',1,1,'5194',1,'2011-05-12 20:07:53','2011-05-13 13:55:13',42,1,698),
(7,'gwbbs','admin',1,1,'5194',1,'2011-05-12 22:36:59','2011-05-12 22:36:59',6,1,698),
(8,'gw_pref_executive','admin',1,1,'5194',1,'2011-05-12 23:09:26','2011-05-12 23:09:26',48,1,698),
(9,'gw_pref_director','admin',1,1,'5194',1,'2011-05-12 23:09:42','2011-05-12 23:09:42',51,1,698),
(10,'gw_pref_assembly','admin',1,1,'5194',1,'2011-05-12 23:10:00','2011-05-12 23:10:00',46,1,698),
(12,'gwqa','admin',1,1,'5194',1,'2011-05-13 13:54:46','2011-05-13 13:54:46',9,1,698),
(14,'sb01','admin',1,1,'5194',1,'2012-08-23 19:53:55','2012-08-23 19:53:55',56,1,698),
(15,'sb04','admin',1,1,'5194',1,'2012-08-23 19:54:19','2012-08-23 19:54:19',57,1,698),
(16,'enquete','admin',1,1,'5194',1,'2012-08-23 19:54:19','2012-08-23 19:54:19',45,1,698),
(17,'gwcircular','admin',1,1,'5194',1,'2012-08-23 19:54:19','2012-08-23 19:54:19',41,1,698),
(18,'gwworkflow','admin',1,1,'5194',1,'2012-08-23 19:54:19','2012-08-23 19:54:19',41,1,698);
--
-- テーブルのデータをダンプしています `system_role_developers`
--


--
-- テーブルのデータをダンプしています `system_role_names`
--

INSERT INTO `system_role_names` (`id`, `unid`, `state`, `content_id`, `created_at`, `updated_at`, `display_name`, `table_name`, `sort_no`) VALUES
(3, NULL, NULL, NULL, '2010-07-29 10:30:31', '2010-07-29 13:00:09', '電子図書', 'digitallibrary', 140),
(4, NULL, NULL, NULL, '2010-07-29 10:30:45', '2010-07-29 13:01:00', '書庫', 'doclibrary', 130),
(6, NULL, NULL, NULL, '2010-07-29 10:31:12', '2010-07-29 13:01:43', '掲示板', 'gwbbs', 110),
(8, NULL, NULL, NULL, '2010-07-29 10:31:37', '2010-07-29 13:01:14', '質問管理（FAQ形式）', 'gwfaq', 120),
(9, NULL, NULL, NULL, '2010-07-29 10:31:49', '2010-07-29 13:08:17', '質問管理（QA形式）', 'gwqa', 121),
(21, NULL, NULL, NULL, '2010-07-29 10:34:55', '2010-07-29 13:11:32', 'GW管理画面', '_admin', 1),
(37, NULL, NULL, NULL, '2010-08-04 10:00:31', '2010-08-04 10:00:31', '全庁予定登録', 'schedule_pref', 11),
(39, NULL, NULL, NULL, '2010-10-04 20:36:11', '2010-10-04 20:36:11', 'システムユーザー管理', 'system_users', 910),
(40, NULL, NULL, NULL, '2010-11-15 19:10:26', '2010-11-15 19:10:26', 'タブ編集', 'edit_tab', 930),
(41, NULL, NULL, NULL, '2010-11-19 10:46:14', '2010-11-19 10:46:14', '回覧板', 'gwcircular', 105),
(42, NULL, NULL, NULL, '2011-01-17 20:07:33', '2011-01-17 20:07:33', '照会・回答システム', 'gwmonitor', 107),
(45, NULL, NULL, NULL, '2011-03-07 18:31:42', '2011-03-07 18:31:42', 'アンケート', 'enquete', 108),
(46, NULL, NULL, NULL, '2011-03-22 19:51:28', '2011-03-22 19:51:28', '議員表示管理', 'gw_pref_assembly', 940),
(48, NULL, NULL, NULL, '2011-03-31 03:39:37', '2011-03-31 03:40:25', '県幹部在庁表示', 'gw_pref_executive', 950),
(51, NULL, NULL, NULL, '2011-04-05 23:40:07', '2011-04-05 23:40:53', '部課長在庁表示　管理者', 'gw_pref_director', 960),
(56, NULL, NULL, NULL, '2012-05-10 16:02:31', '2012-05-10 16:02:31', '研修申込・受付', 'sb01', 510),
(57, NULL, NULL, NULL, '2012-05-14 15:38:51', '2012-05-14 15:38:51', '職員名簿', 'sb04', 540);

--
-- テーブルのデータをダンプしています `system_role_name_privs`
--

INSERT INTO `system_role_name_privs` (`id`, `role_id`, `priv_id`, `created_at`, `updated_at`) VALUES
(9,3,1,'2010-11-02 10:10:00','2010-11-02 10:10:00'),
(17,4,1,'2010-11-02 10:10:00','2010-11-02 10:10:00'),
(33,6,1,'2010-11-02 10:10:00','2010-11-02 10:10:00'),
(49,8,1,'2010-11-02 10:10:00','2010-11-02 10:10:00'),
(57,9,1,'2010-11-02 10:10:00','2010-11-02 10:10:00'),
(153,21,1,'2010-11-02 10:10:00','2010-11-02 10:10:00'),
(161,37,8,'2010-11-02 10:10:00','2010-11-02 16:49:49'),
(189,40,1,'2010-11-02 19:02:01','2010-11-02 19:02:01'),
(190,42,1,'2010-11-02 19:02:20','2010-11-02 19:02:20'),
(192,41,1,'2010-11-06 16:47:30','2010-11-06 16:47:30'),
(196,45,1,'2010-12-02 09:36:29','2010-12-02 09:36:29'),
(197,46,1,'2010-12-16 20:49:52','2010-12-16 20:49:52'),
(199,48,1,'2010-12-27 13:54:21','2010-12-27 13:54:21'),
(203,39,10,'2011-02-07 18:55:34','2011-02-07 18:55:34'),
(204,40,10,'2011-02-07 18:56:20','2011-02-07 18:56:20'),
(206,51,1,'2011-04-05 23:43:29','2011-04-05 23:43:29'),
(209,56,1,'2012-08-22 17:51:36','2012-08-22 17:51:36'),
(210,57,1,'2012-08-23 13:26:03','2012-08-23 13:26:03');
--
-- テーブルのデータをダンプしています `system_sequences`
--


--
-- テーブルのデータをダンプしています `system_tags`
--


--
-- テーブルのデータをダンプしています `system_tasks`
--


--
-- テーブルのデータをダンプしています `system_unids`
--

INSERT INTO `system_unids` (`id`, `created_at`, `updated_at`, `module`, `item_type`, `item_id`) VALUES
(10, '2009-02-28 03:30:30', '2009-02-28 03:30:30', 'cms', 'nodes', 229),
(11, '2009-02-28 03:33:19', '2009-02-28 03:33:19', 'cms', 'nodes', 230),
(12, '2009-02-28 03:34:14', '2009-02-28 03:34:14', 'cms', 'nodes', 231),
(13, '2009-02-28 03:55:28', '2009-02-28 03:55:28', 'cms', 'nodes', 211),
(14, '2009-03-02 14:44:06', '2009-03-02 14:44:06', 'cms', 'contents', 102),
(19, '2009-03-02 23:00:39', '2009-03-02 23:00:39', 'cms', 'pages', 141),
(16, '2009-03-02 14:59:00', '2009-03-02 14:59:00', 'cms', 'pages', 142),
(17, '2009-03-02 18:01:29', '2009-03-02 18:01:29', 'cms', 'pieces', 22),
(18, '2009-03-02 18:44:49', '2009-03-02 18:44:49', 'cms', 'piece_links', 15),
(20, '2009-03-03 17:11:00', '2009-03-03 17:11:00', 'cms', 'pieces', 22),
(21, '2009-03-03 17:22:31', '2009-03-03 17:22:31', 'cms', 'pages', 143),
(22, '2009-03-03 17:42:36', '2009-03-03 17:42:36', 'cms', 'pages', 144),
(23, '2009-03-03 17:55:48', '2009-03-03 17:55:48', 'cms', 'contents', 10),
(24, '2009-03-04 18:44:00', '2009-03-04 18:44:00', 'cms', 'routes', 111),
(25, '2009-03-04 18:49:30', '2009-03-04 18:49:30', 'cms', 'routes', 211),
(26, '2009-03-04 20:23:31', '2009-03-04 20:23:31', 'cms', 'nodes', 212),
(31, '2009-03-05 15:55:35', '2009-03-05 15:55:35', 'cms', 'pages', 146),
(30, '2009-03-05 15:48:36', '2009-03-05 15:48:36', 'cms', 'pages', 145),
(32, '2009-03-05 15:55:52', '2009-03-05 15:55:52', 'cms', 'pages', 147),
(33, '2009-03-05 15:56:02', '2009-03-05 15:56:02', 'cms', 'pages', 148),
(34, '2009-03-05 15:56:14', '2009-03-05 15:56:14', 'cms', 'pages', 149),
(35, '2009-03-05 15:58:53', '2009-03-05 15:58:53', 'cms', 'pages', 150),
(36, '2009-03-05 15:59:00', '2009-03-05 15:59:00', 'cms', 'pages', 151),
(37, '2009-03-05 15:59:06', '2009-03-05 15:59:06', 'cms', 'pages', 152),
(38, '2009-03-05 15:59:38', '2009-03-05 15:59:38', 'cms', 'pages', 153),
(39, '2009-03-05 16:01:35', '2009-03-05 16:01:35', 'cms', 'pages', 154),
(40, '2009-03-05 16:11:31', '2009-03-05 16:11:31', 'cms', 'pages', 155),
(2350, '2009-07-15 09:53:23', '2009-07-15 09:53:23', 'cms', 'layouts', 146),
(43, '2009-03-05 22:49:34', '2009-03-05 22:49:34', 'cms', 'pages', 157),
(44, '2009-03-05 22:49:56', '2009-03-05 22:49:56', 'cms', 'pages', 158),
(52, '2009-03-07 18:19:12', '2009-03-07 18:19:12', 'cms', 'layouts', 10),
(53, '2009-03-09 16:04:07', '2009-03-09 16:04:07', 'cms', 'maps', 20),
(54, '2009-03-09 18:02:10', '2009-03-09 18:02:10', 'cms', 'layouts', 100),
(57, '2009-03-09 20:33:49', '2009-03-09 20:33:49', 'cms', 'texts', 1),
(58, '2009-03-09 20:35:27', '2009-03-09 20:35:27', 'cms', 'layouts', 10),
(59, '2009-03-09 21:02:21', '2009-03-09 21:02:21', 'cms', 'pages', 1),
(64, '2009-03-10 19:12:05', '2009-03-10 19:12:05', 'cms', 'pieces', 10),
(72, '2009-03-11 04:05:55', '2009-03-11 04:05:55', 'cms', 'nodes', 215),
(73, '2009-03-11 19:14:01', '2009-03-11 19:14:01', 'cms', 'contents', 102),
(74, '2009-03-11 19:14:29', '2009-03-11 19:14:29', 'cms', 'nodes', 10),
(75, '2009-03-12 01:27:50', '2009-03-12 01:27:50', 'cms', 'maps', 212),
(76, '2009-03-12 20:36:06', '2009-03-12 20:36:06', 'cms', 'pieces', 23),
(77, '2009-03-12 21:19:28', '2009-03-12 21:19:28', 'cms', 'nodes', 216),
(87, '2009-03-13 19:51:27', '2009-03-13 19:51:27', 'cms', 'pieces', 56),
(163, '2009-03-17 05:37:00', '2009-03-17 05:37:00', 'ad_manager', 'banners', 2),
(162, '2009-03-17 05:24:35', '2009-03-17 05:24:35', 'ad_manager', 'banners', 1),
(164, '2009-03-17 05:38:53', '2009-03-17 05:38:53', 'cms', 'pieces', 57),
(167, '2009-03-17 05:47:04', '2009-03-17 05:47:04', 'cms', 'layouts', 10),
(166, '2009-03-17 05:42:32', '2009-03-17 05:42:32', 'cms', 'pieces', 59),
(182, '2009-03-18 03:30:39', '2009-03-18 03:30:39', 'ad', 'banners', 1),
(183, '2009-03-18 03:30:50', '2009-03-18 03:30:50', 'ad', 'banners', 2),
(2347, '2009-07-15 09:44:17', '2009-07-15 09:44:17', 'cms', 'layouts', 145),
(728, '2009-05-14 13:16:58', '2009-05-14 13:16:58', 'cms', 'layouts', 127),
(213, '2009-03-23 16:53:28', '2009-03-23 16:53:28', 'cms', 'layouts', 104),
(226, '2009-03-26 10:46:58', '2009-03-26 10:46:58', 'cms', 'pages', 163),
(234, '2009-03-26 18:27:18', '2009-03-26 18:27:18', 'cms', 'pages', 164),
(273, '2009-04-01 15:43:33', '2009-04-01 15:43:33', 'cms', 'pages', 178),
(2349, '2009-07-15 09:51:30', '2009-07-15 09:51:30', 'cms', 'nodes', 309),
(2351, '2009-07-15 09:55:35', '2009-07-15 09:55:35', 'cms', 'contents', 116),
(244, '2009-03-27 21:37:01', '2009-03-27 21:37:01', 'cms', 'piece_links', 10),
(245, '2009-03-27 21:37:22', '2009-03-27 21:37:22', 'cms', 'piece_links', 11),
(246, '2009-03-27 21:37:38', '2009-03-27 21:37:38', 'cms', 'piece_links', 12),
(247, '2009-03-27 21:37:53', '2009-03-27 21:37:53', 'cms', 'piece_links', 13),
(248, '2009-03-27 21:38:04', '2009-03-27 21:38:04', 'cms', 'piece_links', 14),
(252, '2009-03-30 12:54:45', '2009-03-30 12:54:45', 'cms', 'pages', 168),
(253, '2009-03-30 13:04:42', '2009-03-30 13:04:42', 'cms', 'pages', 169),
(272, '2009-04-01 14:58:58', '2009-04-01 14:58:58', 'cms', 'pages', 177),
(257, '2009-03-30 18:46:04', '2009-03-30 18:46:04', 'cms', 'pages', 171),
(259, '2009-03-31 15:36:38', '2009-03-31 15:36:38', 'cms', 'pages', 172),
(260, '2009-03-31 15:45:36', '2009-03-31 15:45:36', 'cms', 'pages', 173),
(261, '2009-03-31 15:52:52', '2009-03-31 15:52:52', 'cms', 'pages', 174),
(262, '2009-03-31 15:58:22', '2009-03-31 15:58:22', 'cms', 'pages', 175),
(263, '2009-03-31 16:12:57', '2009-03-31 16:12:57', 'cms', 'pages', 176),
(274, '2009-04-01 15:45:40', '2009-04-01 15:45:40', 'cms', 'pages', 179),
(275, '2009-04-01 15:52:07', '2009-04-01 15:52:07', 'cms', 'pages', 180),
(276, '2009-04-01 15:53:59', '2009-04-01 15:53:59', 'cms', 'pages', 181),
(277, '2009-04-01 15:56:11', '2009-04-01 15:56:11', 'cms', 'pages', 182),
(278, '2009-04-01 15:58:34', '2009-04-01 15:58:34', 'cms', 'pages', 183),
(279, '2009-04-01 16:00:45', '2009-04-01 16:00:45', 'cms', 'pages', 184),
(280, '2009-04-01 16:05:28', '2009-04-01 16:05:28', 'cms', 'pages', 185),
(281, '2009-04-01 16:07:04', '2009-04-01 16:07:04', 'cms', 'pages', 186),
(282, '2009-04-01 16:09:01', '2009-04-01 16:09:01', 'cms', 'pages', 187),
(283, '2009-04-01 16:12:11', '2009-04-01 16:12:11', 'cms', 'pages', 188),
(284, '2009-04-01 16:13:56', '2009-04-01 16:13:56', 'cms', 'pages', 189),
(285, '2009-04-01 16:15:52', '2009-04-01 16:15:52', 'cms', 'pages', 190),
(286, '2009-04-01 16:20:15', '2009-04-01 16:20:15', 'cms', 'pages', 191),
(287, '2009-04-01 16:22:17', '2009-04-01 16:22:17', 'cms', 'pages', 192),
(288, '2009-04-01 16:24:28', '2009-04-01 16:24:28', 'cms', 'pages', 193),
(289, '2009-04-01 16:26:20', '2009-04-01 16:26:20', 'cms', 'pages', 194),
(290, '2009-04-01 16:28:33', '2009-04-01 16:28:33', 'cms', 'pages', 195),
(291, '2009-04-01 16:30:15', '2009-04-01 16:30:15', 'cms', 'pages', 196),
(292, '2009-04-01 16:32:08', '2009-04-01 16:32:08', 'cms', 'pages', 197),
(293, '2009-04-01 16:44:23', '2009-04-01 16:44:23', 'cms', 'pages', 198),
(294, '2009-04-01 16:46:21', '2009-04-01 16:46:21', 'cms', 'pages', 199),
(295, '2009-04-01 16:48:33', '2009-04-01 16:48:33', 'cms', 'pages', 200),
(296, '2009-04-01 16:50:49', '2009-04-01 16:50:49', 'cms', 'pages', 201),
(297, '2009-04-01 16:52:44', '2009-04-01 16:52:44', 'cms', 'pages', 202),
(298, '2009-04-01 16:54:43', '2009-04-01 16:54:43', 'cms', 'pages', 203),
(299, '2009-04-01 16:56:47', '2009-04-01 16:56:47', 'cms', 'pages', 204),
(300, '2009-04-01 16:58:41', '2009-04-01 16:58:41', 'cms', 'pages', 205),
(301, '2009-04-01 17:00:33', '2009-04-01 17:00:33', 'cms', 'pages', 206),
(367, '2009-04-06 16:46:18', '2009-04-06 16:46:18', 'cms', 'pages', 207),
(368, '2009-04-06 16:46:44', '2009-04-06 16:46:44', 'cms', 'pages', 208),
(380, '2009-04-06 17:12:15', '2009-04-06 17:12:15', 'cms', 'pages', 209),
(386, '2009-04-06 21:07:11', '2009-04-06 21:07:11', 'cms', 'nodes', 60),
(2353, '2009-07-15 09:56:54', '2009-07-15 09:56:54', 'cms', 'nodes', 311),
(2348, '2009-07-15 09:47:22', '2009-07-15 09:47:22', 'cms', 'nodes', 308),
(394, '2009-04-07 04:52:55', '2009-04-07 04:52:55', 'cms', 'nodes', 200),
(397, '2009-04-07 09:43:38', '2009-04-07 09:43:38', 'cms', 'pages', 211),
(398, '2009-04-07 09:55:22', '2009-04-07 09:55:22', 'cms', 'pages', 212),
(2352, '2009-07-15 09:56:24', '2009-07-15 09:56:24', 'cms', 'nodes', 310),
(655, '2009-04-14 15:55:59', '2009-04-14 15:55:59', 'cms', 'nodes', 224),
(2311, '2009-07-08 13:26:15', '2009-07-08 13:26:15', 'cms', 'layouts', 144),
(2310, '2009-07-07 18:45:58', '2009-07-07 18:45:58', 'cms', 'nodes', 306),
(2361, '2009-07-15 11:30:06', '2009-07-15 11:30:06', 'cms', 'pieces', 140),
(2355, '2009-07-15 09:57:59', '2009-07-15 09:57:59', 'cms', 'nodes', 313),
(2356, '2009-07-15 09:59:55', '2009-07-15 09:59:55', 'cms', 'nodes', 314),
(2357, '2009-07-15 10:00:33', '2009-07-15 10:00:33', 'cms', 'nodes', 315),
(2358, '2009-07-15 10:01:07', '2009-07-15 10:01:07', 'cms', 'nodes', 316),
(680, '2009-04-15 17:24:47', '2009-04-15 17:24:47', 'cms', 'layouts', 116),
(2366, '2009-07-16 15:23:20', '2009-07-16 15:23:20', 'cms', 'nodes', 318),
(2360, '2009-07-15 11:27:55', '2009-07-15 11:27:55', 'cms', 'pieces', 139),
(2305, '2009-07-06 15:18:05', '2009-07-06 15:18:05', 'cms', 'layouts', 143),
(2304, '2009-07-06 12:05:10', '2009-07-06 12:05:10', 'cms', 'sites', 1),
(2303, '2009-07-03 20:42:32', '2009-07-03 20:42:32', 'cms', 'nodes', 304),
(708, '2009-04-22 12:29:03', '2009-04-22 12:29:03', 'cms', 'nodes', 237),
(709, '2009-04-22 12:57:10', '2009-04-22 12:57:10', 'cms', 'pages', 235),
(715, '2009-04-22 13:19:48', '2009-04-22 13:19:48', 'cms', 'nodes', 241),
(717, '2009-04-22 13:20:55', '2009-04-22 13:20:55', 'cms', 'pages', 239),
(2302, '2009-07-03 20:42:00', '2009-07-03 20:42:00', 'cms', 'nodes', 303),
(2300, '2009-07-03 20:41:30', '2009-07-03 20:41:30', 'cms', 'nodes', 301),
(2301, '2009-07-03 20:41:43', '2009-07-03 20:41:43', 'cms', 'nodes', 302),
(2298, '2009-07-03 20:39:49', '2009-07-03 20:39:49', 'cms', 'nodes', 299),
(2299, '2009-07-03 20:41:14', '2009-07-03 20:41:14', 'cms', 'nodes', 300),
(735, '2009-05-29 10:41:27', '2009-05-29 10:41:27', 'cms', 'contents', 106),
(736, '2009-05-29 10:43:43', '2009-05-29 10:43:43', 'cms', 'contents', 107),
(737, '2009-05-29 10:44:28', '2009-05-29 10:44:28', 'cms', 'nodes', 245),
(738, '2009-05-29 10:45:22', '2009-05-29 10:45:22', 'cms', 'layouts', 128),
(2370, '2009-07-21 13:00:30', '2009-07-21 13:00:30', 'cms', 'pieces', 141),
(740, '2009-05-29 10:47:01', '2009-05-29 10:47:01', 'cms', 'pieces', 110),
(741, '2009-05-29 11:00:06', '2009-05-29 11:00:06', 'cms', 'nodes', 246),
(742, '2009-06-04 16:45:10', '2009-06-04 16:45:10', 'cms', 'nodes', 247),
(743, '2009-06-04 16:45:37', '2009-06-04 16:45:37', 'cms', 'nodes', 248),
(744, '2009-06-04 16:47:15', '2009-06-04 16:47:15', 'cms', 'layouts', 130),
(745, '2009-06-04 16:48:12', '2009-06-04 16:48:12', 'cms', 'pages', 245),
(746, '2009-06-04 16:52:00', '2009-06-04 16:52:00', 'cms', 'pieces', 111),
(2786, '2009-10-26 23:01:53', '2009-10-26 23:01:53', 'cms', 'nodes', 395),
(750, '2009-06-04 17:35:14', '2009-06-04 17:35:14', 'cms', 'nodes', 249),
(2354, '2009-07-15 09:57:26', '2009-07-15 09:57:26', 'cms', 'nodes', 312),
(761, '2009-06-05 18:54:51', '2009-06-05 18:54:51', 'cms', 'nodes', 252),
(2202, '2009-06-24 17:58:15', '2009-06-24 17:58:15', 'cms', 'nodes', 276),
(764, '2009-06-06 17:18:50', '2009-06-06 17:18:50', 'cms', 'nodes', 254),
(3356, '2010-12-20 11:40:36', '2010-12-20 11:40:36', 'cms', 'nodes', 566),
(2784, '2009-10-23 23:46:26', '2009-10-23 23:46:26', 'cms', 'nodes', 393),
(3357, '2010-12-20 11:41:14', '2010-12-20 11:41:14', 'cms', 'nodes', 567),
(2203, '2009-06-24 17:58:25', '2009-06-24 17:58:25', 'cms', 'nodes', 277),
(3192, '2010-01-19 20:57:42', '2010-01-19 20:57:42', 'cms', 'nodes', 468),
(2201, '2009-06-24 17:55:47', '2009-06-24 17:55:47', 'cms', 'nodes', 275),
(772, '2009-06-08 10:08:11', '2009-06-08 10:08:11', 'cms', 'layouts', 132),
(773, '2009-06-08 14:53:07', '2009-06-08 14:53:07', 'cms', 'nodes', 261),
(775, '2009-06-08 18:06:57', '2009-06-08 18:06:57', 'cms', 'pieces', 123),
(776, '2009-06-08 19:36:47', '2009-06-08 19:36:47', 'cms', 'pieces', 124),
(778, '2009-06-09 10:54:00', '2009-06-09 10:54:00', 'cms', 'pieces', 126),
(784, '2009-06-10 21:24:33', '2009-06-10 21:24:33', 'cms', 'layouts', 133),
(790, '2009-06-11 10:33:38', '2009-06-11 10:33:38', 'cms', 'layouts', 134),
(798, '2009-06-11 15:07:37', '2009-06-11 15:07:37', 'cms', 'layouts', 135),
(801, '2009-06-12 16:26:34', '2009-06-12 16:26:34', 'cms', 'pieces', 128),
(802, '2009-06-12 16:30:30', '2009-06-12 16:30:30', 'cms', 'layouts', 136),
(803, '2009-06-12 16:31:04', '2009-06-12 16:31:04', 'cms', 'layouts', 137),
(2267, '2009-07-01 20:41:39', '2009-07-01 20:41:39', 'cms', 'contents', 114),
(807, '2009-06-12 19:09:37', '2009-06-12 19:09:37', 'cms', 'nodes', 264),
(808, '2009-06-12 19:10:22', '2009-06-12 19:10:22', 'cms', 'nodes', 265),
(816, '2009-06-12 19:45:48', '2009-06-12 19:45:48', 'cms', 'pieces', 129),
(2104, '2009-06-15 19:28:42', '2009-06-15 19:28:42', 'cms', 'files', 46),
(2111, '2009-06-15 20:27:00', '2009-06-15 20:27:00', 'cms', 'files', 47),
(2122, '2009-06-15 21:06:46', '2009-06-15 21:06:46', 'cms', 'files', 48),
(2123, '2009-06-16 09:56:20', '2009-06-16 09:56:20', 'cms', 'files', 49),
(2124, '2009-06-16 13:09:30', '2009-06-16 13:09:30', 'cms', 'layouts', 138),
(2125, '2009-06-16 13:14:52', '2009-06-16 13:14:52', 'cms', 'layouts', 139),
(2126, '2009-06-16 13:16:20', '2009-06-16 13:16:20', 'cms', 'nodes', 266),
(2127, '2009-06-16 13:16:51', '2009-06-16 13:16:51', 'cms', 'nodes', 267),
(2128, '2009-06-16 13:26:36', '2009-06-16 13:26:36', 'cms', 'files', 50),
(2132, '2009-06-17 10:06:31', '2009-06-17 10:06:31', 'cms', 'files', 51),
(2133, '2009-06-17 10:06:39', '2009-06-17 10:06:39', 'cms', 'files', 52),
(2134, '2009-06-17 10:12:14', '2009-06-17 10:12:14', 'cms', 'files', 53),
(2135, '2009-06-17 10:18:15', '2009-06-17 10:18:15', 'cms', 'files', 54),
(2139, '2009-06-17 12:43:03', '2009-06-17 12:43:03', 'cms', 'files', 55),
(2140, '2009-06-17 13:12:58', '2009-06-17 13:12:58', 'cms', 'files', 56),
(2141, '2009-06-17 13:15:28', '2009-06-17 13:15:28', 'cms', 'files', 57),
(2142, '2009-06-17 13:15:28', '2009-06-17 13:15:28', 'cms', 'files', 58),
(2143, '2009-06-17 13:15:28', '2009-06-17 13:15:28', 'cms', 'files', 59),
(2144, '2009-06-17 13:15:28', '2009-06-17 13:15:28', 'cms', 'files', 60),
(2145, '2009-06-17 13:15:28', '2009-06-17 13:15:28', 'cms', 'files', 61),
(2146, '2009-06-17 13:15:28', '2009-06-17 13:15:28', 'cms', 'files', 62),
(2147, '2009-06-17 13:15:28', '2009-06-17 13:15:28', 'cms', 'files', 63),
(2148, '2009-06-17 13:15:28', '2009-06-17 13:15:28', 'cms', 'files', 64),
(2149, '2009-06-17 13:15:28', '2009-06-17 13:15:28', 'cms', 'files', 65),
(2150, '2009-06-17 13:15:28', '2009-06-17 13:15:28', 'cms', 'files', 66),
(2151, '2009-06-17 13:15:28', '2009-06-17 13:15:28', 'cms', 'files', 67),
(2152, '2009-06-17 13:15:28', '2009-06-17 13:15:28', 'cms', 'files', 68),
(2696, '2009-08-27 19:07:04', '2009-08-27 19:07:04', 'cms', 'nodes', 349),
(2175, '2009-06-22 17:49:52', '2009-06-22 17:49:52', 'cms', 'layouts', 140),
(2198, '2009-06-24 17:22:44', '2009-06-24 17:22:44', 'cms', 'layouts', 141),
(2204, '2009-06-24 17:58:36', '2009-06-24 17:58:36', 'cms', 'nodes', 278),
(2196, '2009-06-23 19:20:31', '2009-06-23 19:20:31', 'cms', 'nodes', 272),
(2197, '2009-06-23 19:21:40', '2009-06-23 19:21:40', 'cms', 'nodes', 273),
(2199, '2009-06-24 17:23:44', '2009-06-24 17:23:44', 'cms', 'pieces', 132),
(2200, '2009-06-24 17:25:11', '2009-06-24 17:25:11', 'cms', 'nodes', 274),
(2205, '2009-06-24 17:58:44', '2009-06-24 17:58:44', 'cms', 'nodes', 279),
(3361, '2011-01-17 19:25:02', '2011-01-17 19:25:02', 'cms', 'nodes', 570),
(2207, '2009-06-24 17:59:40', '2009-06-24 17:59:40', 'cms', 'nodes', 281),
(2208, '2009-06-24 18:00:02', '2009-06-24 18:00:02', 'cms', 'nodes', 282),
(2209, '2009-06-24 18:00:24', '2009-06-24 18:00:24', 'cms', 'nodes', 283),
(3360, '2011-01-17 19:24:15', '2011-01-17 19:24:15', 'cms', 'contents', 123),
(2211, '2009-06-24 18:01:29', '2009-06-24 18:01:29', 'cms', 'nodes', 285),
(2212, '2009-06-24 18:01:51', '2009-06-24 18:01:51', 'cms', 'nodes', 286),
(2213, '2009-06-24 18:02:40', '2009-06-24 18:02:40', 'cms', 'nodes', 287),
(2214, '2009-06-24 18:03:00', '2009-06-24 18:03:00', 'cms', 'nodes', 288),
(2230, '2009-06-25 18:59:21', '2009-06-25 18:59:21', 'cms', 'nodes', 290),
(2234, '2009-06-29 14:37:24', '2009-06-29 14:37:24', 'cms', 'contents', 113),
(2235, '2009-06-29 14:38:03', '2009-06-29 14:38:03', 'cms', 'nodes', 291),
(2236, '2009-06-29 14:38:47', '2009-06-29 14:38:47', 'cms', 'nodes', 292),
(2237, '2009-06-29 14:39:25', '2009-06-29 14:39:25', 'cms', 'nodes', 293),
(2238, '2009-06-29 14:39:58', '2009-06-29 14:39:58', 'cms', 'nodes', 294),
(2252, '2009-06-29 16:04:43', '2009-06-29 16:04:43', 'cms', 'layouts', 142),
(2254, '2009-06-29 16:07:47', '2009-06-29 16:07:47', 'cms', 'maps', 213),
(2255, '2009-06-29 16:08:34', '2009-06-29 16:08:34', 'cms', 'routes', 213),
(2268, '2009-07-01 20:42:58', '2009-07-01 20:42:58', 'cms', 'pieces', 136),
(2269, '2009-07-01 20:47:35', '2009-07-01 20:47:35', 'cms', 'nodes', 295),
(2270, '2009-07-01 20:48:07', '2009-07-01 20:48:07', 'cms', 'nodes', 296),
(2271, '2009-07-01 20:48:39', '2009-07-01 20:48:39', 'cms', 'nodes', 297),
(2272, '2009-07-01 20:49:09', '2009-07-01 20:49:09', 'cms', 'nodes', 298),
(2273, '2009-07-01 20:50:14', '2009-07-01 20:50:14', 'cms', 'routes', 214),
(2274, '2009-07-01 20:50:31', '2009-07-01 20:50:31', 'cms', 'routes', 215),
(2275, '2009-07-01 20:50:43', '2009-07-01 20:50:43', 'cms', 'routes', 216),
(2276, '2009-07-01 20:50:59', '2009-07-01 20:50:59', 'cms', 'routes', 217),
(2277, '2009-07-01 20:51:12', '2009-07-01 20:51:12', 'cms', 'routes', 218),
(2278, '2009-07-01 20:52:08', '2009-07-01 20:52:08', 'cms', 'maps', 214),
(2279, '2009-07-01 20:52:25', '2009-07-01 20:52:25', 'cms', 'maps', 215),
(2280, '2009-07-01 21:01:25', '2009-07-01 21:01:25', 'cms', 'maps', 216),
(2281, '2009-07-01 21:01:38', '2009-07-01 21:01:38', 'cms', 'maps', 217),
(2282, '2009-07-01 21:01:54', '2009-07-01 21:01:54', 'cms', 'maps', 218),
(2369, '2009-07-17 17:35:48', '2009-07-17 17:35:48', 'cms', 'layouts', 147),
(2371, '2009-07-21 13:02:29', '2009-07-21 13:02:29', 'cms', 'routes', 219),
(2372, '2009-07-21 13:02:58', '2009-07-21 13:02:58', 'cms', 'routes', 220),
(2373, '2009-07-21 13:03:45', '2009-07-21 13:03:45', 'cms', 'routes', 221),
(2374, '2009-07-21 13:04:14', '2009-07-21 13:04:14', 'cms', 'routes', 222),
(2375, '2009-07-21 13:04:35', '2009-07-21 13:04:35', 'cms', 'routes', 223),
(2376, '2009-07-21 13:05:02', '2009-07-21 13:05:02', 'cms', 'routes', 224),
(2377, '2009-07-21 13:05:19', '2009-07-21 13:05:19', 'cms', 'routes', 225),
(2378, '2009-07-21 13:05:34', '2009-07-21 13:05:34', 'cms', 'routes', 226),
(2785, '2009-10-26 23:01:20', '2009-10-26 23:01:20', 'cms', 'nodes', 394),
(2385, '2009-07-23 15:01:56', '2009-07-23 15:01:56', 'cms', 'pieces', 142),
(3358, '2010-12-20 11:42:06', '2010-12-20 11:42:06', 'cms', 'nodes', 568),
(2389, '2009-07-24 18:04:27', '2009-07-24 18:04:27', 'cms', 'files', 69),
(2391, '2009-07-27 01:30:52', '2009-07-27 01:30:52', 'cms', 'nodes', 322),
(2392, '2009-07-27 01:32:02', '2009-07-27 01:32:02', 'cms', 'nodes', 323),
(2400, '2009-07-28 16:14:57', '2009-07-28 16:14:57', 'cms', 'nodes', 325),
(2401, '2009-07-28 23:06:32', '2009-07-28 23:06:32', 'cms', 'routes', 227),
(2464, '2009-08-17 21:38:46', '2009-08-17 21:38:46', 'cms', 'nodes', 342),
(2440, '2009-08-05 09:19:48', '2009-08-05 09:19:48', 'cms', 'nodes', 326),
(2441, '2009-08-05 09:21:30', '2009-08-05 09:21:30', 'cms', 'nodes', 327),
(2445, '2009-08-05 19:23:18', '2009-08-05 19:23:18', 'cms', 'nodes', 328),
(2446, '2009-08-05 19:24:30', '2009-08-05 19:24:30', 'cms', 'nodes', 329),
(2447, '2009-08-05 19:24:43', '2009-08-05 19:24:43', 'cms', 'nodes', 330),
(2449, '2009-08-05 19:25:14', '2009-08-05 19:25:14', 'cms', 'nodes', 332),
(2450, '2009-08-05 19:25:45', '2009-08-05 19:25:45', 'cms', 'nodes', 333),
(2850, '2009-12-16 16:47:11', '2009-12-16 16:47:11', 'cms', 'nodes', 430),
(2452, '2009-08-05 19:27:14', '2009-08-05 19:27:14', 'cms', 'nodes', 335),
(2453, '2009-08-05 19:27:39', '2009-08-05 19:27:39', 'cms', 'nodes', 336),
(2454, '2009-08-05 19:28:03', '2009-08-05 19:28:03', 'cms', 'nodes', 337),
(2455, '2009-08-05 19:28:24', '2009-08-05 19:28:24', 'cms', 'nodes', 338),
(2458, '2009-08-07 09:51:17', '2009-08-07 09:51:17', 'cms', 'nodes', 340),
(2459, '2009-08-07 20:27:11', '2009-08-07 20:27:11', 'cms', 'nodes', 341),
(2477, '2009-08-19 14:33:15', '2009-08-19 14:33:15', 'cms', 'nodes', 346),
(2476, '2009-08-19 14:32:44', '2009-08-19 14:32:44', 'cms', 'nodes', 345),
(2462, '2009-08-17 13:13:33', '2009-08-17 13:13:33', 'cms', 'layouts', 148),
(2469, '2009-08-18 16:30:01', '2009-08-18 16:30:01', 'cms', 'files', 17),
(2470, '2009-08-18 16:30:01', '2009-08-18 16:30:01', 'cms', 'files', 18),
(2471, '2009-08-18 16:31:13', '2009-08-18 16:31:13', 'cms', 'nodes', 343),
(2479, '2009-08-21 16:07:16', '2009-08-21 16:07:16', 'cms', 'files', 20),
(2481, '2009-08-21 16:10:57', '2009-08-21 16:10:57', 'cms', 'files', 21),
(2484, '2009-08-24 14:37:23', '2009-08-24 14:37:23', 'cms', 'files', 22),
(2485, '2009-08-24 14:37:44', '2009-08-24 14:37:44', 'cms', 'files', 23),
(2575, '2009-08-24 17:51:03', '2009-08-24 17:51:03', 'cms', 'files', 24),
(2576, '2009-08-24 18:11:43', '2009-08-24 18:11:43', 'cms', 'files', 25),
(2577, '2009-08-24 18:11:59', '2009-08-24 18:11:59', 'cms', 'files', 26),
(2578, '2009-08-24 18:28:47', '2009-08-24 18:28:47', 'cms', 'files', 27),
(2691, '2009-08-24 19:09:07', '2009-08-24 19:09:07', 'cms', 'files', 28),
(2692, '2009-08-24 19:11:04', '2009-08-24 19:11:04', 'cms', 'files', 29),
(2693, '2009-08-24 19:11:15', '2009-08-24 19:11:15', 'cms', 'files', 30),
(2694, '2009-08-24 21:16:32', '2009-08-24 21:16:32', 'cms', 'nodes', 347),
(2695, '2009-08-24 21:17:01', '2009-08-24 21:17:01', 'cms', 'nodes', 348),
(2697, '2009-09-01 13:47:10', '2009-09-01 13:47:10', 'cms', 'contents', 118),
(2698, '2009-09-01 13:48:47', '2009-09-01 13:48:47', 'cms', 'nodes', 350),
(2699, '2009-09-01 13:49:36', '2009-09-01 13:49:36', 'cms', 'nodes', 351),
(2700, '2009-09-03 10:30:36', '2009-09-03 10:30:36', 'cms', 'nodes', 352),
(2701, '2009-09-03 10:31:04', '2009-09-03 10:31:04', 'cms', 'nodes', 353),
(2702, '2009-09-03 21:36:58', '2009-09-03 21:36:58', 'cms', 'nodes', 354),
(2703, '2009-09-03 22:01:05', '2009-09-03 22:01:05', 'cms', 'nodes', 355),
(2704, '2009-09-03 22:01:59', '2009-09-03 22:01:59', 'cms', 'nodes', 356),
(2705, '2009-09-03 22:03:43', '2009-09-03 22:03:43', 'cms', 'layouts', 149),
(2714, '2009-09-07 18:52:52', '2009-09-07 18:52:52', 'cms', 'nodes', 357),
(2723, '2009-09-09 18:53:52', '2009-09-09 18:53:52', 'cms', 'nodes', 358),
(2724, '2009-09-09 18:54:40', '2009-09-09 18:54:40', 'cms', 'nodes', 359),
(2727, '2009-09-11 16:56:16', '2009-09-11 16:56:16', 'cms', 'nodes', 361),
(2739, '2009-09-28 15:19:14', '2009-09-28 15:19:14', 'cms', 'nodes', 368),
(2750, '2009-10-01 05:52:14', '2009-10-01 05:52:14', 'cms', 'pieces', 147),
(2751, '2009-10-01 12:57:34', '2009-10-01 12:57:34', 'cms', 'nodes', 369),
(2752, '2009-10-01 12:58:03', '2009-10-01 12:58:03', 'cms', 'nodes', 370),
(2753, '2009-10-01 12:58:15', '2009-10-01 12:58:15', 'cms', 'nodes', 371),
(2754, '2009-10-01 12:58:25', '2009-10-01 12:58:25', 'cms', 'nodes', 372),
(2755, '2009-10-01 12:58:50', '2009-10-01 12:58:50', 'cms', 'nodes', 373),
(2756, '2009-10-01 12:59:09', '2009-10-01 12:59:09', 'cms', 'nodes', 374),
(2757, '2009-10-01 12:59:41', '2009-10-01 12:59:41', 'cms', 'nodes', 375),
(2758, '2009-10-01 13:00:15', '2009-10-01 13:00:15', 'cms', 'nodes', 376),
(2759, '2009-10-02 01:15:53', '2009-10-02 01:15:53', 'cms', 'nodes', 377),
(2760, '2009-10-02 02:57:10', '2009-10-02 02:57:10', 'cms', 'nodes', 378),
(2761, '2009-10-02 02:57:35', '2009-10-02 02:57:35', 'cms', 'nodes', 379),
(2763, '2009-10-05 08:59:57', '2009-10-05 08:59:57', 'cms', 'nodes', 380),
(2848, '2009-12-09 19:53:23', '2009-12-09 19:53:23', 'cms', 'nodes', 429),
(2773, '2009-10-08 14:49:30', '2009-10-08 14:49:30', 'cms', 'nodes', 387),
(2774, '2009-10-08 14:50:04', '2009-10-08 14:50:04', 'cms', 'nodes', 388),
(2778, '2009-10-15 15:52:21', '2009-10-15 15:52:21', 'cms', 'nodes', 389),
(2780, '2009-10-16 18:35:29', '2009-10-16 18:35:29', 'cms', 'pieces', 148),
(2781, '2009-10-16 18:36:25', '2009-10-16 18:36:25', 'cms', 'pieces', 149),
(2782, '2009-10-19 21:20:36', '2009-10-19 21:20:36', 'cms', 'nodes', 391),
(2783, '2009-10-19 21:21:08', '2009-10-19 21:21:08', 'cms', 'nodes', 392),
(2805, '2009-11-08 19:50:53', '2009-11-08 19:50:53', 'cms', 'nodes', 396),
(2806, '2009-11-08 19:51:27', '2009-11-08 19:51:27', 'cms', 'nodes', 397),
(2808, '2009-11-11 16:21:28', '2009-11-11 16:21:28', 'cms', 'nodes', 398),
(2809, '2009-11-11 16:21:56', '2009-11-11 16:21:56', 'cms', 'nodes', 399),
(2810, '2009-11-11 16:22:30', '2009-11-11 16:22:30', 'cms', 'nodes', 400),
(2811, '2009-11-11 16:22:57', '2009-11-11 16:22:57', 'cms', 'nodes', 401),
(2812, '2009-11-16 14:25:08', '2009-11-16 14:25:08', 'cms', 'pieces', 151),
(2813, '2009-11-16 14:25:57', '2009-11-16 14:25:57', 'cms', 'layouts', 151),
(2814, '2009-11-16 18:02:33', '2009-11-16 18:02:33', 'cms', 'contents', 119),
(2815, '2009-11-18 17:08:32', '2009-11-18 17:08:32', 'cms', 'pieces', 152),
(2816, '2009-11-25 13:20:54', '2009-11-25 13:20:54', 'cms', 'pieces', 153),
(2817, '2009-11-26 14:25:07', '2009-11-26 14:25:07', 'cms', 'nodes', 402),
(2818, '2009-12-01 09:00:25', '2009-12-01 09:00:25', 'cms', 'nodes', 403),
(2819, '2009-12-01 09:00:49', '2009-12-01 09:00:49', 'cms', 'nodes', 404),
(2827, '2009-12-03 11:19:06', '2009-12-03 11:19:06', 'cms', 'layouts', 152),
(2821, '2009-12-01 09:01:16', '2009-12-01 09:01:16', 'cms', 'nodes', 406),
(2822, '2009-12-01 09:01:45', '2009-12-01 09:01:45', 'cms', 'nodes', 407),
(2828, '2009-12-03 11:20:33', '2009-12-03 11:20:33', 'cms', 'pieces', 154),
(2824, '2009-12-01 09:02:51', '2009-12-01 09:02:51', 'cms', 'nodes', 409),
(2825, '2009-12-01 09:04:40', '2009-12-01 09:04:40', 'cms', 'nodes', 410),
(2826, '2009-12-01 09:45:49', '2009-12-01 09:45:49', 'cms', 'nodes', 411),
(2829, '2009-12-03 11:21:58', '2009-12-03 11:21:58', 'cms', 'pieces', 155),
(2830, '2009-12-03 11:25:54', '2009-12-03 11:25:54', 'cms', 'layouts', 153),
(3268, '2010-03-17 14:53:56', '2010-03-17 14:53:56', 'cms', 'nodes', 489),
(2833, '2009-12-03 16:40:35', '2009-12-03 16:40:35', 'cms', 'nodes', 414),
(2834, '2009-12-03 16:41:10', '2009-12-03 16:41:10', 'cms', 'nodes', 415),
(2835, '2009-12-03 16:41:30', '2009-12-03 16:41:30', 'cms', 'nodes', 416),
(2836, '2009-12-03 17:10:13', '2009-12-03 17:10:13', 'cms', 'nodes', 417),
(2838, '2009-12-07 22:41:22', '2009-12-07 22:41:22', 'cms', 'nodes', 419),
(2839, '2009-12-07 22:41:48', '2009-12-07 22:41:48', 'cms', 'nodes', 420),
(2840, '2009-12-07 22:42:05', '2009-12-07 22:42:05', 'cms', 'nodes', 421),
(2841, '2009-12-07 22:42:26', '2009-12-07 22:42:26', 'cms', 'nodes', 422),
(2842, '2009-12-07 22:42:46', '2009-12-07 22:42:46', 'cms', 'nodes', 423),
(2843, '2009-12-07 22:43:09', '2009-12-07 22:43:09', 'cms', 'nodes', 424),
(2844, '2009-12-07 22:43:26', '2009-12-07 22:43:26', 'cms', 'nodes', 425),
(3403, '2011-03-30 22:32:28', '2011-03-30 22:32:28', 'cms', 'nodes', 681),
(2846, '2009-12-09 19:21:11', '2009-12-09 19:21:11', 'cms', 'nodes', 427),
(3107, '2009-12-17 22:37:37', '2009-12-17 22:37:37', 'cms', 'nodes', 431),
(3108, '2009-12-17 22:39:34', '2009-12-17 22:39:34', 'cms', 'nodes', 432),
(3109, '2009-12-17 22:39:51', '2009-12-17 22:39:51', 'cms', 'nodes', 433),
(3110, '2009-12-17 22:40:20', '2009-12-17 22:40:20', 'cms', 'nodes', 434),
(3111, '2009-12-17 22:40:39', '2009-12-17 22:40:39', 'cms', 'nodes', 435),
(3112, '2009-12-17 22:41:00', '2009-12-17 22:41:00', 'cms', 'nodes', 436),
(3113, '2009-12-18 18:05:17', '2009-12-18 18:05:17', 'cms', 'nodes', 437),
(3114, '2009-12-18 18:05:45', '2009-12-18 18:05:45', 'cms', 'nodes', 438),
(3115, '2009-12-18 18:06:04', '2009-12-18 18:06:04', 'cms', 'nodes', 439),
(3116, '2009-12-18 18:06:36', '2009-12-18 18:06:36', 'cms', 'nodes', 440),
(3117, '2009-12-18 18:08:43', '2009-12-18 18:08:43', 'cms', 'nodes', 441),
(3130, '2009-12-23 16:35:25', '2009-12-23 16:35:25', 'cms', 'nodes', 443),
(3132, '2009-12-24 14:16:00', '2009-12-24 14:16:00', 'cms', 'contents', 120),
(3133, '2009-12-24 14:18:12', '2009-12-24 14:18:12', 'cms', 'layouts', 154),
(3134, '2009-12-24 14:19:29', '2009-12-24 14:19:29', 'cms', 'nodes', 444),
(3135, '2009-12-24 14:20:18', '2009-12-24 14:20:18', 'cms', 'nodes', 445),
(3136, '2009-12-24 14:20:51', '2009-12-24 14:20:51', 'cms', 'nodes', 446),
(3137, '2009-12-24 14:21:22', '2009-12-24 14:21:22', 'cms', 'nodes', 447),
(3143, '2009-12-25 17:47:17', '2009-12-25 17:47:17', 'cms', 'pieces', 158),
(3146, '2009-12-28 20:52:38', '2009-12-28 20:52:38', 'cms', 'nodes', 448),
(3148, '2009-12-29 19:14:29', '2009-12-29 19:14:29', 'cms', 'nodes', 449),
(3149, '2009-12-29 19:15:04', '2009-12-29 19:15:04', 'cms', 'nodes', 450),
(3150, '2009-12-29 19:16:09', '2009-12-29 19:16:09', 'cms', 'nodes', 451),
(3152, '2010-01-04 20:58:17', '2010-01-04 20:58:17', 'cms', 'layouts', 155),
(3153, '2010-01-04 20:59:04', '2010-01-04 20:59:04', 'cms', 'nodes', 452),
(3154, '2010-01-05 09:59:03', '2010-01-05 09:59:03', 'cms', 'nodes', 453),
(3164, '2010-01-08 09:50:35', '2010-01-08 09:50:35', 'cms', 'layouts', 156),
(3165, '2010-01-08 09:59:30', '2010-01-08 09:59:30', 'cms', 'nodes', 455),
(3166, '2010-01-08 10:00:17', '2010-01-08 10:00:17', 'cms', 'nodes', 456),
(3167, '2010-01-08 10:00:56', '2010-01-08 10:00:56', 'cms', 'nodes', 457),
(3168, '2010-01-08 10:01:57', '2010-01-08 10:01:57', 'cms', 'nodes', 458),
(3169, '2010-01-08 10:03:02', '2010-01-08 10:03:02', 'cms', 'nodes', 459),
(3184, '2010-01-16 20:00:29', '2010-01-16 20:00:29', 'cms', 'nodes', 460),
(3185, '2010-01-16 20:00:55', '2010-01-16 20:00:55', 'cms', 'nodes', 461),
(3186, '2010-01-16 20:01:23', '2010-01-16 20:01:23', 'cms', 'nodes', 462),
(3187, '2010-01-16 20:01:45', '2010-01-16 20:01:45', 'cms', 'nodes', 463),
(3188, '2010-01-16 20:02:07', '2010-01-16 20:02:07', 'cms', 'nodes', 464),
(3189, '2010-01-16 20:02:24', '2010-01-16 20:02:24', 'cms', 'nodes', 465),
(3190, '2010-01-18 20:27:42', '2010-01-18 20:27:42', 'cms', 'nodes', 466),
(3191, '2010-01-19 19:58:34', '2010-01-19 19:58:34', 'cms', 'nodes', 467),
(3194, '2010-01-23 11:26:47', '2010-01-23 11:26:47', 'cms', 'nodes', 469),
(3195, '2010-01-23 11:59:58', '2010-01-23 11:59:58', 'cms', 'nodes', 470),
(3196, '2010-01-27 14:24:25', '2010-01-27 14:24:25', 'cms', 'nodes', 471),
(3197, '2010-01-27 14:24:58', '2010-01-27 14:24:58', 'cms', 'nodes', 472),
(3198, '2010-01-27 14:25:18', '2010-01-27 14:25:18', 'cms', 'nodes', 473),
(3199, '2010-01-29 18:47:55', '2010-01-29 18:47:55', 'cms', 'nodes', 474),
(3200, '2010-01-29 18:48:16', '2010-01-29 18:48:16', 'cms', 'nodes', 475),
(3201, '2010-01-29 18:48:39', '2010-01-29 18:48:39', 'cms', 'nodes', 476),
(3203, '2010-02-02 11:55:44', '2010-02-02 11:55:44', 'cms', 'nodes', 477),
(3212, '2010-02-03 20:49:54', '2010-02-03 20:49:54', 'cms', 'pieces', 160),
(3213, '2010-02-03 21:29:00', '2010-02-03 21:29:00', 'cms', 'nodes', 478),
(3214, '2010-02-03 21:30:26', '2010-02-03 21:30:26', 'cms', 'pieces', 161),
(3216, '2010-02-04 01:57:00', '2010-02-04 01:57:00', 'cms', 'layouts', 157),
(3221, '2010-02-04 17:28:12', '2010-02-04 17:28:12', 'cms', 'nodes', 479),
(3222, '2010-02-04 21:00:14', '2010-02-04 21:00:14', 'cms', 'layouts', 158),
(3223, '2010-02-05 17:44:24', '2010-02-05 17:44:24', 'cms', 'nodes', 480),
(3225, '2010-02-08 17:24:33', '2010-02-08 17:24:33', 'cms', 'layouts', 159),
(3235, '2010-02-16 20:12:28', '2010-02-16 20:12:28', 'cms', 'nodes', 481),
(3238, '2010-02-17 17:02:14', '2010-02-17 17:02:14', 'cms', 'nodes', 482),
(3239, '2010-02-17 21:54:50', '2010-02-17 21:54:50', 'cms', 'nodes', 483),
(3240, '2010-02-17 21:55:18', '2010-02-17 21:55:18', 'cms', 'nodes', 484),
(3257, '2010-03-06 15:28:03', '2010-03-06 15:28:03', 'cms', 'nodes', 485),
(3259, '2010-03-08 11:43:57', '2010-03-08 11:43:57', 'cms', 'nodes', 486),
(3263, '2010-03-10 11:26:54', '2010-03-10 11:26:54', 'cms', 'nodes', 487),
(3264, '2010-03-10 11:27:27', '2010-03-10 11:27:27', 'cms', 'nodes', 488),
(3269, '2010-03-18 13:34:07', '2010-03-18 13:34:07', 'cms', 'nodes', 490),
(3271, '2010-03-19 10:16:32', '2010-03-19 10:16:32', 'cms', 'pieces', 162),
(3273, '2010-03-19 15:16:47', '2010-03-19 15:16:47', 'cms', 'nodes', 493),
(3274, '2010-03-22 18:46:32', '2010-03-22 18:46:32', 'cms', 'nodes', 494),
(3275, '2010-05-27 20:33:36', '2010-05-27 20:33:36', 'cms', 'nodes', 495),
(3282, '2010-05-27 20:41:39', '2010-05-27 20:41:39', 'cms', 'layouts', 160),
(3287, '2010-07-12 19:29:16', '2010-07-12 19:29:16', 'cms', 'nodes', 504),
(3288, '2010-07-12 19:31:05', '2010-07-12 19:31:05', 'cms', 'nodes', 505),
(3289, '2010-07-14 11:25:35', '2010-07-14 11:25:35', 'cms', 'nodes', 506),
(3290, '2010-07-14 11:25:55', '2010-07-14 11:25:55', 'cms', 'nodes', 507),
(3291, '2010-07-14 11:26:20', '2010-07-14 11:26:20', 'cms', 'nodes', 508),
(3292, '2010-07-14 11:32:08', '2010-07-14 11:32:08', 'cms', 'layouts', 162),
(3293, '2010-07-26 13:01:47', '2010-07-26 13:01:47', 'cms', 'nodes', 509),
(3294, '2010-07-26 13:02:13', '2010-07-26 13:02:13', 'cms', 'nodes', 510),
(3295, '2010-07-27 15:16:08', '2010-07-27 15:16:08', 'cms', 'layouts', 163),
(3296, '2010-07-30 14:40:52', '2010-07-30 14:40:52', 'cms', 'nodes', 511),
(3297, '2010-07-30 14:43:41', '2010-07-30 14:43:41', 'cms', 'nodes', 512),
(3298, '2010-07-30 14:44:17', '2010-07-30 14:44:17', 'cms', 'nodes', 513),
(3299, '2010-07-30 14:44:38', '2010-07-30 14:44:38', 'cms', 'nodes', 514),
(3300, '2010-07-30 19:25:41', '2010-07-30 19:25:41', 'cms', 'nodes', 515),
(3301, '2010-07-30 19:26:20', '2010-07-30 19:26:20', 'cms', 'nodes', 516),
(3302, '2010-08-02 12:06:23', '2010-08-02 12:06:23', 'cms', 'layouts', 164),
(3303, '2010-08-05 15:35:27', '2010-08-05 15:35:27', 'cms', 'nodes', 517),
(3304, '2010-08-17 20:49:03', '2010-08-17 20:49:03', 'cms', 'nodes', 518),
(3305, '2010-08-17 20:49:21', '2010-08-17 20:49:21', 'cms', 'nodes', 519),
(3306, '2010-08-30 10:20:43', '2010-08-30 10:20:43', 'cms', 'nodes', 520),
(3307, '2010-08-31 20:01:12', '2010-08-31 20:01:12', 'cms', 'nodes', 521),
(3308, '2010-09-14 18:36:00', '2010-09-14 18:36:00', 'cms', 'nodes', 522),
(3309, '2010-09-28 19:16:25', '2010-09-28 19:16:25', 'cms', 'nodes', 523),
(3310, '2010-09-28 19:17:21', '2010-09-28 19:17:21', 'cms', 'nodes', 524),
(3311, '2010-09-29 14:03:13', '2010-09-29 14:03:13', 'cms', 'nodes', 525),
(3312, '2010-09-29 14:05:29', '2010-09-29 14:05:29', 'cms', 'pieces', 164),
(3314, '2010-09-29 19:53:45', '2010-09-29 19:53:45', 'cms', 'nodes', 527),
(3315, '2010-09-29 19:54:15', '2010-09-29 19:54:15', 'cms', 'nodes', 528),
(3316, '2010-09-29 19:55:26', '2010-09-29 19:55:26', 'cms', 'nodes', 529),
(3317, '2010-09-29 19:55:43', '2010-09-29 19:55:43', 'cms', 'nodes', 530),
(3318, '2010-09-29 19:56:34', '2010-09-29 19:56:34', 'cms', 'nodes', 531),
(3319, '2010-09-29 19:57:05', '2010-09-29 19:57:05', 'cms', 'nodes', 532),
(3321, '2010-09-29 19:58:02', '2010-09-29 19:58:02', 'cms', 'nodes', 534),
(3322, '2010-09-29 19:58:16', '2010-09-29 19:58:16', 'cms', 'nodes', 535),
(3323, '2010-09-29 19:58:59', '2010-09-29 19:58:59', 'cms', 'nodes', 536),
(3324, '2010-09-29 19:59:23', '2010-09-29 19:59:23', 'cms', 'nodes', 537),
(3325, '2010-09-29 19:59:56', '2010-09-29 19:59:56', 'cms', 'nodes', 538),
(3326, '2010-09-29 20:00:21', '2010-09-29 20:00:21', 'cms', 'nodes', 539),
(3327, '2010-09-29 20:00:39', '2010-09-29 20:00:39', 'cms', 'nodes', 540),
(3328, '2010-09-29 20:01:29', '2010-09-29 20:01:29', 'cms', 'nodes', 541),
(3333, '2010-09-29 20:12:21', '2010-09-29 20:12:21', 'cms', 'nodes', 546),
(3334, '2010-10-04 20:41:13', '2010-10-04 20:41:13', 'cms', 'nodes', 547),
(3335, '2010-10-08 19:05:22', '2010-10-08 19:05:22', 'cms', 'nodes', 548),
(3336, '2010-10-18 18:56:24', '2010-10-18 18:56:24', 'cms', 'nodes', 549),
(3337, '2010-11-15 18:31:06', '2010-11-15 18:31:06', 'cms', 'pieces', 165),
(3340, '2010-11-15 18:33:07', '2010-11-15 18:33:07', 'cms', 'nodes', 551),
(3341, '2010-11-15 18:33:46', '2010-11-15 18:33:46', 'cms', 'nodes', 552),
(3342, '2010-11-18 10:11:28', '2010-11-18 10:11:28', 'cms', 'nodes', 553),
(3343, '2010-11-18 11:39:47', '2010-11-18 11:39:47', 'cms', 'nodes', 554),
(3344, '2010-11-18 11:40:08', '2010-11-18 11:40:08', 'cms', 'nodes', 555),
(3345, '2010-11-18 11:41:35', '2010-11-18 11:41:35', 'cms', 'nodes', 556),
(3346, '2010-11-18 11:41:58', '2010-11-18 11:41:58', 'cms', 'nodes', 557),
(3347, '2010-11-19 10:35:42', '2010-11-19 10:35:42', 'cms', 'contents', 122),
(3348, '2010-11-19 10:37:25', '2010-11-19 10:37:25', 'cms', 'nodes', 558),
(3349, '2010-11-19 10:38:03', '2010-11-19 10:38:03', 'cms', 'nodes', 559),
(3350, '2010-11-19 10:38:42', '2010-11-19 10:38:42', 'cms', 'nodes', 560),
(3351, '2010-11-19 10:39:10', '2010-11-19 10:39:10', 'cms', 'nodes', 561),
(3352, '2010-11-19 10:39:35', '2010-11-19 10:39:35', 'cms', 'nodes', 562),
(3353, '2010-12-02 12:08:09', '2010-12-02 12:08:09', 'cms', 'nodes', 563),
(3354, '2010-12-07 19:33:02', '2010-12-07 19:33:02', 'cms', 'nodes', 564),
(3355, '2010-12-20 11:36:28', '2010-12-20 11:36:28', 'cms', 'nodes', 565),
(3359, '2010-12-20 11:42:33', '2010-12-20 11:42:33', 'cms', 'nodes', 569),
(3362, '2011-01-17 19:25:43', '2011-01-17 19:25:43', 'cms', 'nodes', 571),
(3363, '2011-01-17 19:26:11', '2011-01-17 19:26:11', 'cms', 'nodes', 572),
(3364, '2011-01-17 19:26:43', '2011-01-17 19:26:43', 'cms', 'nodes', 573),
(3365, '2011-01-17 19:27:07', '2011-01-17 19:27:07', 'cms', 'nodes', 574),
(3366, '2011-01-25 14:55:30', '2011-01-25 14:55:30', 'cms', 'nodes', 575),
(3367, '2011-01-25 14:55:46', '2011-01-25 14:55:46', 'cms', 'nodes', 576),
(3368, '2011-01-25 14:56:08', '2011-01-25 14:56:08', 'cms', 'nodes', 577),
(3369, '2011-01-25 14:56:40', '2011-01-25 14:56:40', 'cms', 'nodes', 578),
(3370, '2011-01-26 14:01:05', '2011-01-26 14:01:05', 'cms', 'nodes', 579),
(3373, '2011-01-31 18:36:50', '2011-01-31 18:36:50', 'cms', 'nodes', 582),
(3374, '2011-01-31 19:54:21', '2011-01-31 19:54:21', 'cms', 'nodes', 583),
(3375, '2011-02-16 18:36:06', '2011-02-16 18:36:06', 'cms', 'layouts', 165),
(3376, '2011-02-16 18:38:02', '2011-02-16 18:38:02', 'cms', 'nodes', 584),
(3377, '2011-03-03 19:07:43', '2011-03-03 19:07:43', 'cms', 'nodes', 585),
(3378, '2011-03-03 19:08:22', '2011-03-03 19:08:22', 'cms', 'nodes', 586),
(3379, '2011-03-03 19:08:55', '2011-03-03 19:08:55', 'cms', 'nodes', 587),
(3380, '2011-03-03 19:09:17', '2011-03-03 19:09:17', 'cms', 'nodes', 588),
(3381, '2011-03-03 19:09:49', '2011-03-03 19:09:49', 'cms', 'nodes', 589),
(3382, '2011-03-03 19:10:18', '2011-03-03 19:10:18', 'cms', 'nodes', 590),
(3383, '2011-03-07 18:14:25', '2011-03-07 18:14:25', 'cms', 'contents', 124),
(3384, '2011-03-07 18:15:01', '2011-03-07 18:15:01', 'cms', 'contents', 125),
(3385, '2011-03-07 18:15:48', '2011-03-07 18:15:48', 'cms', 'nodes', 591),
(3386, '2011-03-07 18:16:44', '2011-03-07 18:16:44', 'cms', 'nodes', 592),
(3387, '2011-03-15 18:14:41', '2011-03-15 18:14:41', 'cms', 'pieces', 167),
(3388, '2011-03-15 18:16:49', '2011-03-15 18:16:49', 'cms', 'pieces', 168),
(3389, '2011-03-15 18:17:13', '2011-03-15 18:17:13', 'cms', 'pieces', 169),
(3390, '2011-03-15 18:18:00', '2011-03-15 18:18:00', 'cms', 'pieces', 170),
(3391, '2011-03-15 18:18:42', '2011-03-15 18:18:42', 'cms', 'pieces', 171),
(3392, '2011-03-15 18:30:06', '2011-03-15 18:30:06', 'cms', 'pieces', 172),
(3393, '2011-03-16 18:49:13', '2011-03-16 18:49:13', 'cms', 'nodes', 593),
(3394, '2011-03-16 19:20:03', '2011-03-16 19:20:03', 'cms', 'nodes', 594),
(3396, '2011-03-16 20:21:15', '2011-03-16 20:21:15', 'cms', 'nodes', 596),
(3397, '2011-03-24 00:41:56', '2011-03-24 00:41:56', 'cms', 'nodes', 675),
(3398, '2011-03-24 23:01:55', '2011-03-24 23:01:55', 'cms', 'nodes', 676),
(3399, '2011-03-25 04:02:07', '2011-03-25 04:02:07', 'cms', 'nodes', 677),
(3400, '2011-03-28 22:13:30', '2011-03-28 22:13:30', 'cms', 'nodes', 678),
(3401, '2011-03-28 22:13:56', '2011-03-28 22:13:56', 'cms', 'nodes', 679),
(3402, '2011-03-28 22:14:20', '2011-03-28 22:14:20', 'cms', 'nodes', 680),
(3404, '2011-04-03 23:54:52', '2011-04-03 23:54:52', 'cms', 'nodes', 682),
(3405, '2011-04-04 21:21:35', '2011-04-04 21:21:35', 'cms', 'nodes', 683),
(3406, '2011-04-05 00:25:17', '2011-04-05 00:25:17', 'cms', 'pieces', 185),
(3407, '2011-04-05 00:26:09', '2011-04-05 00:26:09', 'cms', 'layouts', 168),
(3408, '2011-04-05 00:27:15', '2011-04-05 00:27:15', 'cms', 'nodes', 684),
(3411, '2011-04-05 00:35:15', '2011-04-05 00:35:15', 'cms', 'nodes', 687),
(3410, '2011-04-05 00:28:09', '2011-04-05 00:28:09', 'cms', 'nodes', 686),
(3416, '2011-04-13 14:05:09', '2011-04-13 14:05:09', 'cms', 'nodes', 692),
(3418, '2011-04-14 19:46:56', '2011-04-14 19:46:56', 'cms', 'nodes', 694),
(3420, '2011-04-15 03:51:35', '2011-04-15 03:51:35', 'cms', 'nodes', 696),
(3421, '2011-04-15 03:52:05', '2011-04-15 03:52:05', 'cms', 'nodes', 697),
(3422, '2011-04-15 03:52:41', '2011-04-15 03:52:41', 'cms', 'nodes', 698),
(3423, '2011-04-15 11:30:06', '2011-04-15 11:30:06', 'cms', 'layouts', 169),
(3424, '2011-04-15 11:30:56', '2011-04-15 11:30:56', 'cms', 'nodes', 699),
(3427, '2011-04-19 12:48:00', '2011-04-19 12:48:00', 'cms', 'nodes', 702),
(3428, '2011-04-19 16:47:31', '2011-04-19 16:47:31', 'cms', 'nodes', 703),
(3429, '2011-04-19 18:17:19', '2011-04-19 18:17:19', 'cms', 'nodes', 704),
(3430, '2011-04-20 13:57:18', '2011-04-20 13:57:18', 'cms', 'layouts', 170),
(3438, '2011-04-26 03:39:06', '2011-04-26 03:39:06', 'cms', 'nodes', 712),
(3439, '2011-04-26 17:04:18', '2011-04-26 17:04:18', 'cms', 'nodes', 713),
(3441, '2011-05-03 16:05:59', '2011-05-03 16:05:59', 'cms', 'nodes', 715),
(3445, '2011-05-21 21:07:29', '2011-05-21 21:07:29', 'cms', 'pieces', 186),
(3446, '2012-05-08 19:07:34', '2012-05-08 19:07:34', 'cms', 'pieces', 187),
(3447, '2012-05-08 19:07:58', '2012-05-08 19:07:58', 'cms', 'pieces', 188),
(3448, '2012-05-09 13:58:57', '2012-05-09 13:58:57', 'cms', 'nodes', 719),
(3449, '2012-05-10 14:50:17', '2012-05-10 14:50:17', 'cms', 'contents', 128),
(3450, '2012-05-10 14:52:21', '2012-05-10 14:52:21', 'cms', 'nodes', 720),
(3451, '2012-05-10 14:57:42', '2012-05-10 14:57:42', 'cms', 'layouts', 171),
(3464, '2012-05-14 14:58:25', '2012-05-14 14:58:25', 'cms', 'nodes', 733),
(3453, '2012-05-10 15:00:27', '2012-05-10 15:00:27', 'cms', 'nodes', 722),
(3454, '2012-05-10 15:01:56', '2012-05-10 15:01:56', 'cms', 'nodes', 723),
(3455, '2012-05-10 15:02:58', '2012-05-10 15:02:58', 'cms', 'nodes', 724),
(3456, '2012-05-10 15:03:59', '2012-05-10 15:03:59', 'cms', 'nodes', 725),
(3457, '2012-05-10 15:04:59', '2012-05-10 15:04:59', 'cms', 'nodes', 726),
(3458, '2012-05-10 15:05:43', '2012-05-10 15:05:43', 'cms', 'nodes', 727),
(3459, '2012-05-10 15:06:29', '2012-05-10 15:06:29', 'cms', 'nodes', 728),
(3460, '2012-05-10 15:07:37', '2012-05-10 15:07:37', 'cms', 'nodes', 729),
(3461, '2012-05-10 15:08:27', '2012-05-10 15:08:27', 'cms', 'nodes', 730),
(3462, '2012-05-10 15:09:16', '2012-05-10 15:09:16', 'cms', 'nodes', 731),
(3463, '2012-05-10 15:09:58', '2012-05-10 15:09:58', 'cms', 'nodes', 732),
(3465, '2012-05-14 15:11:11', '2012-05-14 15:11:11', 'cms', 'nodes', 734),
(3466, '2012-05-14 15:12:11', '2012-05-14 15:12:11', 'cms', 'nodes', 735),
(3467, '2012-05-14 15:13:05', '2012-05-14 15:13:05', 'cms', 'nodes', 736),
(3468, '2012-05-14 15:13:42', '2012-05-14 15:13:42', 'cms', 'nodes', 737),
(3469, '2012-05-14 15:46:25', '2012-05-14 15:46:25', 'cms', 'nodes', 738),
(3470, '2012-05-14 15:46:50', '2012-05-14 15:46:50', 'cms', 'nodes', 739),
(3471, '2012-05-14 15:47:09', '2012-05-14 15:47:09', 'cms', 'nodes', 740),
(3472, '2012-05-14 15:47:21', '2012-05-14 15:47:21', 'cms', 'nodes', 741),
(3473, '2012-05-14 15:47:33', '2012-05-14 15:47:33', 'cms', 'nodes', 742),
(3474, '2012-05-14 15:48:22', '2012-05-14 15:48:22', 'cms', 'nodes', 743),
(3475, '2012-05-14 15:49:27', '2012-05-14 15:49:27', 'cms', 'nodes', 744),
(3476, '2012-05-14 15:50:01', '2012-05-14 15:50:01', 'cms', 'nodes', 745),
(3477, '2012-05-14 15:51:42', '2012-05-14 15:51:42', 'cms', 'nodes', 746),
(3478, '2012-05-14 15:52:09', '2012-05-14 15:52:09', 'cms', 'nodes', 747),
(3479, '2012-05-14 15:53:09', '2012-05-14 15:53:09', 'cms', 'nodes', 748),
(3480, '2012-05-14 15:53:35', '2012-05-14 15:53:35', 'cms', 'nodes', 749),
(3481, '2012-05-14 15:53:58', '2012-05-14 15:53:58', 'cms', 'nodes', 750),
(3482, '2012-05-14 15:55:05', '2012-05-14 15:55:05', 'cms', 'nodes', 751),
(3483, '2012-05-14 15:55:49', '2012-05-14 15:55:49', 'cms', 'nodes', 752),
(3484, '2012-05-14 15:56:22', '2012-05-14 15:56:22', 'cms', 'nodes', 753);

--
-- テーブルのデータをダンプしています `system_users`
--

INSERT INTO `system_users` (`id`, `air_login_id`, `state`, `created_at`, `updated_at`, `code`, `ldap`, `ldap_version`, `auth_no`, `sort_no`, `name`, `name_en`, `kana`, `password`, `mobile_access`, `mobile_password`, `email`, `official_position`, `assigned_job`, `remember_token`, `remember_token_expires_at`, `air_token`) VALUES
(5194, NULL, 'enabled', '2010-11-15 19:59:49', '2011-05-12 20:57:24', 'admin', 0, 1305201424, NULL, '001003001012', 'システム管理者', 'system ', NULL, 'admin', 1, 'admin', 'admin@127.0.0.1', '部長', NULL, NULL, NULL, NULL),
(5466, NULL, 'enabled', '2011-05-07 01:22:21', '2011-05-12 20:57:24', 'user3', 0, 1305201424, '3', '001003003016', '吉野　三郎', 'user3', NULL, 'user3', 1, 'user3', 'user3@127.0.0.1', '係長', NULL, NULL, NULL, NULL),
(5465, NULL, 'enabled', '2011-05-07 01:22:21', '2011-05-12 20:57:24', 'user2', 0, 1305201424, '3', '001003003014', '阿波　花子', 'user2', NULL, 'user2', 1, 'user2', 'user2@127.0.0.1', '課長', NULL, NULL, NULL, NULL),
(5464, NULL, 'enabled', '2011-05-07 01:22:21', '2011-05-12 20:57:24', 'user1', 0, 1305201424, '3', '001003001015', '徳島　太郎', 'user1', NULL, 'user1', 1, 'user1', 'user1@127.0.0.1', '次長', NULL, NULL, NULL, NULL),
(5467, NULL, 'enabled', '2011-05-11 14:56:58', '2011-05-12 20:57:24', 'user4', 0, 1305201424, NULL, '001003001017', '佐藤　直一', 'user4', NULL, 'user4', NULL, NULL, 'user4@127.0.0.1', '次長', NULL, NULL, NULL, NULL),
(5468, NULL, 'enabled', '2011-05-11 15:01:35', '2011-05-12 20:57:24', 'user5', 0, 1305201424, NULL, '001003003018', '鈴木　裕介', 'user5', NULL, 'user5', NULL, NULL, 'user5@127.0.0.1', '課長', NULL, NULL, NULL, NULL),
(5469, NULL, 'enabled', '2011-05-11 15:03:28', '2011-05-12 20:57:24', 'user6', 0, 1305201424, NULL, '001003003019', '高橋　和寿', 'user6', NULL, 'user6', NULL, NULL, 'user6@127.0.0.1', '係長', NULL, NULL, NULL, NULL),
(5470, NULL, 'enabled', '2011-05-12 20:57:24', '2011-05-13 14:31:11', 'user7', 0, 1305201424, '3', '001003001020', '田中　彩子', 'user7', NULL, 'user7', NULL, NULL, 'user7@127.0.0.1', '次長', NULL, NULL, NULL, NULL),
(5471, NULL, 'enabled', '2011-05-12 20:57:24', '2011-05-12 20:59:57', 'user8', 0, 1305201424, '3', '001003003021', '渡辺　真由子', 'user8', NULL, 'user8', NULL, NULL, 'user8@127.0.0.1', '課長', NULL, NULL, NULL, NULL),
(5472, NULL, 'enabled', '2011-05-12 20:57:24', '2011-05-12 21:02:20', 'user9', 0, 1305201424, '3', '001003003022', '伊藤　勝', 'user9', NULL, 'user9', NULL, NULL, 'user9@127.0.0.1', '係長', NULL, NULL, NULL, NULL),
(5473, NULL, 'enabled', '2011-05-13 13:54:45', '2011-05-13 13:55:38', '001002_0', 0, NULL, NULL, NULL, '秘書広報課予定', '', NULL, '001002_0pass', NULL, NULL, '001002_0@127.0.0.1', '', '', NULL, NULL, NULL),
(5474, NULL, 'enabled', '2011-05-13 13:56:00', '2011-05-13 14:20:41', '001_0', 0, NULL, NULL, NULL, '企画部予定', '', NULL, '001_0pass', NULL, NULL, '001_0@127.0.0.1', '', '', NULL, NULL, NULL),
(5475, NULL, 'enabled', '2011-05-13 13:56:42', '2011-05-13 13:56:42', '001003_0', 0, NULL, NULL, NULL, '人事課予定', '', NULL, '001003_0pass', NULL, NULL, '001003_0@127.0.0.1', '', '', NULL, NULL, NULL),
(5476, NULL, 'enabled', '2011-05-13 13:57:14', '2011-05-13 13:57:14', '001004_0', 0, NULL, NULL, NULL, '企画政策課予定', '', NULL, '001004_0pass', NULL, NULL, '001004_0@127.0.0.1', '', '', NULL, NULL, NULL),
(5477, NULL, 'enabled', '2011-05-13 14:21:11', '2011-05-13 14:21:11', '1_0', 0, NULL, NULL, NULL, '全庁予定', '', NULL, '1_0pass', NULL, NULL, '1_0@127.0.0.1', '', '', NULL, NULL, NULL);


--
-- テーブルのデータをダンプしています `system_users_custom_groups`
--

INSERT INTO `system_users_custom_groups` (`rid`, `created_at`, `updated_at`, `custom_group_id`, `user_id`, `title`, `title_en`, `sort_no`, `icon`) VALUES
(17, '2011-05-13 14:21:49', '2011-05-13 14:44:33', 2, 5477, '', NULL, 0, '9'),
(8, '2011-05-13 14:13:27', '2011-05-13 14:44:33', 2, 5464, '市長', NULL, 10, '3'),
(9, '2011-05-13 14:13:27', '2011-05-13 14:44:33', 2, 5472, '副市長', NULL, 20, '3'),
(10, '2011-05-13 14:13:27', '2011-05-13 14:44:33', 2, 5466, '企画部長', NULL, 30, '1'),
(11, '2011-05-13 14:17:15', '2011-05-13 15:30:02', 3, 5474, '', NULL, 10, '8'),
(13, '2011-05-13 14:17:15', '2011-05-13 15:30:02', 3, 5465, '広報秘書課長', NULL, 30, '1'),
(14, '2011-05-13 14:17:15', '2011-05-13 15:30:02', 3, 5466, '企画部長', NULL, 20, '2'),
(15, '2011-05-13 14:19:00', '2011-05-13 15:30:02', 3, 5467, '人事課長', NULL, 40, '1'),
(16, '2011-05-13 14:19:00', '2011-05-13 15:30:02', 3, 5470, '企画政策課長', NULL, 50, '1'),
(18, '2011-05-13 14:22:43', '2011-05-13 15:30:02', 3, 5477, '', NULL, 0, '9'),
(19, '2011-05-13 14:26:46', '2011-05-13 14:48:33', 4, 5477, '', NULL, 0, '9'),
(20, '2011-05-13 14:26:46', '2011-05-13 14:48:33', 4, 5474, '', NULL, 10, '8'),
(21, '2011-05-13 14:26:46', '2011-05-13 14:48:33', 4, 5473, '', NULL, 20, '7'),
(22, '2011-05-13 14:26:46', '2011-05-13 14:48:33', 4, 5194, '', NULL, 30, '1'),
(23, '2011-05-13 14:26:46', '2011-05-13 14:48:33', 4, 5464, '', NULL, 40, '1'),
(24, '2011-05-13 14:26:46', '2011-05-13 14:48:33', 4, 5465, '', NULL, 50, '1'),
(25, '2011-05-13 14:26:46', '2011-05-13 14:48:34', 4, 5466, '', NULL, 60, '1'),
(26, '2011-05-13 14:29:30', '2011-05-13 14:48:44', 5, 5477, '', NULL, 0, '9'),
(27, '2011-05-13 14:29:30', '2011-05-13 14:48:44', 5, 5474, '', NULL, 0, '8'),
(28, '2011-05-13 14:29:30', '2011-05-13 14:48:44', 5, 5475, '', NULL, 0, '7'),
(29, '2011-05-13 14:29:30', '2011-05-13 14:48:44', 5, 5467, '', NULL, 0, '1'),
(30, '2011-05-13 14:29:30', '2011-05-13 14:48:44', 5, 5468, '', NULL, 0, '1'),
(31, '2011-05-13 14:29:30', '2011-05-13 14:48:44', 5, 5469, '', NULL, 0, '1'),
(32, '2011-05-13 14:32:16', '2011-05-13 14:48:52', 6, 5477, '', NULL, 0, '9'),
(33, '2011-05-13 14:32:16', '2011-05-13 14:48:52', 6, 5474, '', NULL, 0, '8'),
(34, '2011-05-13 14:32:16', '2011-05-13 14:48:52', 6, 5476, '', NULL, 0, '7'),
(35, '2011-05-13 14:32:16', '2011-05-13 14:48:52', 6, 5470, '', NULL, 0, '1'),
(36, '2011-05-13 14:32:16', '2011-05-13 14:48:52', 6, 5471, '', NULL, 0, '1'),
(37, '2011-05-13 14:32:16', '2011-05-13 14:48:52', 6, 5472, '', NULL, 0, '1');

--
-- テーブルのデータをダンプしています `system_users_groups`
--

INSERT INTO `system_users_groups` (`rid`, `created_at`, `updated_at`, `user_id`, `group_id`, `job_order`, `start_at`, `end_at`, `user_code`, `group_code`) VALUES
(11850, '2011-05-12 20:57:24', '2011-05-12 20:57:24', 5194, 698, 0, '2011-05-12 20:57:24', NULL, 'admin', '001002'),
(11851, '2011-05-12 20:57:24', '2011-05-12 20:57:24', 5464, 698, 0, '2011-05-12 20:57:24', NULL, 'user1', '001002'),
(11852, '2011-05-12 20:57:24', '2011-05-12 20:57:24', 5465, 698, 0, '2011-05-12 20:57:24', NULL, 'user2', '001002'),
(11853, '2011-05-12 20:57:24', '2011-05-12 20:57:24', 5466, 698, 0, '2011-05-12 20:57:24', NULL, 'user3', '001002'),
(11854, '2011-05-12 20:57:24', '2011-05-12 20:57:24', 5467, 699, 0, '2011-05-12 20:57:24', NULL, 'user4', '001003'),
(11855, '2011-05-12 20:57:24', '2011-05-12 20:57:24', 5468, 699, 0, '2011-05-12 20:57:24', NULL, 'user5', '001003'),
(11856, '2011-05-12 20:57:24', '2011-05-12 20:57:24', 5469, 699, 0, '2011-05-12 20:57:24', NULL, 'user6', '001003'),
(11857, '2011-05-12 20:57:24', '2011-05-12 20:57:24', 5470, 700, 0, '2011-05-12 20:57:24', NULL, 'user7', '001004'),
(11858, '2011-05-12 20:57:24', '2011-05-12 20:57:24', 5471, 700, 0, '2011-05-12 20:57:24', NULL, 'user8', '001004'),
(11859, '2011-05-12 20:57:24', '2011-05-12 20:57:24', 5472, 700, 0, '2011-05-12 20:57:24', NULL, 'user9', '001004'),
(11860, '2011-05-13 13:54:45', '2011-05-13 13:54:45', 5473, 698, 9, '2011-05-13 00:00:00', NULL, '001002_0', '001002'),
(11861, '2011-05-13 13:56:00', '2011-05-13 13:59:43', 5474, 698, 9, '2011-05-13 00:00:00', NULL, '001_0', '001002'),
(11862, '2011-05-13 13:56:42', '2011-05-13 13:59:24', 5475, 699, 9, '2011-05-13 00:00:00', NULL, '001003_0', '001003'),
(11863, '2011-05-13 13:57:14', '2011-05-13 13:59:35', 5476, 700, 9, '2011-05-13 00:00:00', NULL, '001004_0', '001004'),
(11864, '2011-05-13 14:21:11', '2011-05-13 14:21:11', 5477, 698, 9, '2011-05-13 00:00:00', NULL, '1_0', '001002');

--
-- テーブルのデータをダンプしています `system_users_group_histories`
--

INSERT INTO `system_users_group_histories` (`rid`, `created_at`, `updated_at`, `user_id`, `group_id`, `job_order`, `start_at`, `end_at`, `user_code`, `group_code`) VALUES
(1, '2011-05-07 01:22:25', '2011-05-07 01:22:25', 5194, 698, 0, '2011-05-07 01:22:21', '2011-05-12 20:57:24', 'admin', '001002'),
(2, '2011-05-07 01:22:25', '2011-05-07 01:22:25', 5464, 698, 0, '2011-05-07 01:22:21', '2011-05-12 20:57:24', 'user1', '001002'),
(3, '2011-05-07 01:22:25', '2011-05-07 01:22:25', 5465, 698, 0, '2011-05-07 01:22:21', '2011-05-12 20:57:24', 'user2', '001002'),
(4, '2011-05-07 01:22:25', '2011-05-07 01:22:25', 5466, 698, 0, '2011-05-07 01:22:21', '2011-05-12 20:57:24', 'user3', '001002'),
(5, '2011-05-11 14:56:58', '2011-05-11 14:56:58', 5467, 699, 0, '2011-04-01 00:00:00', '2011-05-12 20:57:24', 'user4', '未登録グループ'),
(6, '2011-05-11 15:01:35', '2011-05-11 15:01:35', 5468, 699, 0, '2011-04-01 00:00:00', '2011-05-12 20:57:24', 'user5', '未登録グループ'),
(7, '2011-05-11 15:03:28', '2011-05-11 15:03:28', 5469, 699, 9, '2011-04-01 00:00:00', '2011-05-12 20:57:24', 'user6', '未登録グループ'),
(8, '2011-05-12 20:57:24', '2011-05-12 20:57:24', 5194, 698, 0, '2011-05-12 20:57:24', NULL, 'admin', '001002'),
(9, '2011-05-12 20:57:24', '2011-05-12 20:57:24', 5464, 698, 0, '2011-05-12 20:57:24', NULL, 'user1', '001002'),
(10, '2011-05-12 20:57:24', '2011-05-12 20:57:24', 5465, 698, 0, '2011-05-12 20:57:24', NULL, 'user2', '001002'),
(11, '2011-05-12 20:57:24', '2011-05-12 20:57:24', 5466, 698, 0, '2011-05-12 20:57:24', NULL, 'user3', '001002'),
(12, '2011-05-12 20:57:24', '2011-05-12 20:57:24', 5467, 699, 0, '2011-05-12 20:57:24', NULL, 'user4', '001003'),
(13, '2011-05-12 20:57:24', '2011-05-12 20:57:24', 5468, 699, 0, '2011-05-12 20:57:24', NULL, 'user5', '001003'),
(14, '2011-05-12 20:57:24', '2011-05-12 20:57:24', 5469, 699, 0, '2011-05-12 20:57:24', NULL, 'user6', '001003'),
(15, '2011-05-12 20:57:24', '2011-05-12 20:57:24', 5470, 700, 0, '2011-05-12 20:57:24', NULL, 'user7', '001004'),
(16, '2011-05-12 20:57:24', '2011-05-12 20:57:24', 5471, 700, 0, '2011-05-12 20:57:24', NULL, 'user8', '001004'),
(17, '2011-05-12 20:57:24', '2011-05-12 20:57:24', 5472, 700, 0, '2011-05-12 20:57:24', NULL, 'user9', '001004'),
(18, '2011-05-13 13:54:45', '2011-05-13 13:54:45', 5473, 698, 9, '2011-05-13 00:00:00', NULL, '001002_0', '001002'),
(19, '2011-05-13 13:56:00', '2011-05-13 13:56:00', 5474, 1, 9, '2011-05-13 00:00:00', NULL, '001_0', '1'),
(20, '2011-05-13 13:56:42', '2011-05-13 13:56:42', 5475, 1, 9, '2011-05-13 00:00:00', NULL, '001003_0', '1'),
(21, '2011-05-13 13:57:14', '2011-05-13 13:57:14', 5476, 1, 9, '2011-05-13 00:00:00', NULL, '001004_0', '1'),
(22, '2011-05-13 14:21:11', '2011-05-13 14:21:11', 5477, 698, 9, '2011-05-13 00:00:00', NULL, '1_0', '001002');


--
-- テーブルのデータをダンプしています `system_users_group_history_temporaries`
--


--
-- テーブルのデータをダンプしています `system_users_group_temporaries`
--


--
-- テーブルのデータをダンプしています `system_user_temporaries`
--

